year,measure,denominator_confirmed_cases,valid,missing,unknown,invalid,pct_valid,pct_valid_lo,pct_valid_hi
2007,confirmation criterion (criterio),3334,3293,41,0,0,98.77024595080984,98.3353633342448,99.11610134994382
2007,haemorrhage (cli_hemorr),3334,2998,167,169,0,89.92201559688063,88.84989655477898,90.9235123473855
2007,hospitalisation (ate_hosp),3334,3230,73,31,0,96.88062387522496,96.23289968686443,97.4442853566223
2007,jaundice (cli_icteri),3334,3170,96,68,0,95.08098380323935,94.29138635174225,95.79024821056497
2007,outcome (evolucao),3334,3068,142,124,0,92.02159568086384,91.04952315470776,92.91917701355989
2007,renal impairment (cli_renal),3334,3040,138,156,0,91.18176364727054,90.16774582805638,92.1228464374164
2007,severity block (all three decoded),3334,2908,183,243,0,87.22255548890222,86.04165881604152,88.3377267960306
2008,confirmation criterion (criterio),3737,3699,38,0,0,98.98314155739898,98.60692932931812,99.27943370299803
2008,haemorrhage (cli_hemorr),3737,3417,140,180,0,91.43698153599144,90.4937097704142,92.31483309383013
2008,hospitalisation (ate_hosp),3737,3621,85,31,0,96.8959058067969,96.28852116141078,97.4283913810771
2008,jaundice (cli_icteri),3737,3570,79,88,0,95.53117473909552,94.81882393851573,96.1711577347484
2008,outcome (evolucao),3737,3448,119,170,0,92.26652394969227,91.36322660582239,93.10303098440559
2008,renal impairment (cli_renal),3737,3445,114,178,0,92.18624565159219,91.27896022992954,93.02687388964061
2008,severity block (all three decoded),3737,3337,155,245,0,89.2962269199893,88.26071323392577,90.2698125581176
2009,confirmation criterion (criterio),3926,3875,51,0,0,98.70096790626593,98.29551130911169,99.03129723423525
2009,haemorrhage (cli_hemorr),3926,3547,189,190,0,90.34640855832909,89.37962034923272,91.25265114999873
2009,hospitalisation (ate_hosp),3926,3824,76,26,0,97.40193581253183,96.85493158424056,97.87673851406544
2009,jaundice (cli_icteri),3926,3713,115,98,0,94.5746306673459,93.81948815684727,95.26252438679288
2009,outcome (evolucao),3926,3629,176,121,0,92.43504839531329,91.5631504990319,93.24313504128322
2009,renal impairment (cli_renal),3926,3571,160,195,0,90.95771777890982,90.01713700682737,91.83680324267796
2009,severity block (all three decoded),3926,3449,209,268,0,87.85022924095772,86.7872926712986,88.8564625786558
2010,confirmation criterion (criterio),3807,3774,33,0,0,99.1331757289204,98.78479186452539,99.40258823787495
2010,haemorrhage (cli_hemorr),3807,3467,183,157,0,91.06908326766484,90.11820000172897,91.95635278454614
2010,hospitalisation (ate_hosp),3807,3633,106,68,0,95.42947202521671,94.71719446607361,96.07090633082576
2010,jaundice (cli_icteri),3807,3625,106,76,0,95.2193328079853,94.49292644280645,95.87526087559763
2010,outcome (evolucao),3807,3506,176,125,0,92.09351195166798,91.19050864755187,92.93124595504605
2010,renal impairment (cli_renal),3807,3493,156,158,0,91.75203572366692,90.83263709748437,92.6067187312208
2010,severity block (all three decoded),3807,3398,197,212,0,89.25663251904386,88.22952885350112,90.22301904658151
2011,confirmation criterion (criterio),4941,4902,39,0,0,99.210686095932,98.922546327921,99.43813589214636
2011,haemorrhage (cli_hemorr),4941,4475,294,172,0,90.56871078729002,89.71952428363501,91.36960545441374
2011,hospitalisation (ate_hosp),4941,4761,141,39,0,96.35701275045537,95.79636127200185,96.86199079734887
2011,jaundice (cli_icteri),4941,4649,201,91,0,94.09026512851649,93.3961670260351,94.7316790710234
2011,outcome (evolucao),4941,4596,202,143,0,93.01760777170614,92.27113887431668,93.71274977442819
2011,renal impairment (cli_renal),4941,4518,263,160,0,91.43897996357013,90.62401764545743,92.20457937268667
2011,severity block (all three decoded),4941,4392,320,229,0,88.88888888888889,87.97941318224309,89.75212418854429
2012,confirmation criterion (criterio),3227,3197,30,0,0,99.07034397273009,98.67549814745625,99.37191088056032
2012,haemorrhage (cli_hemorr),3227,2978,135,114,0,92.28385497365976,91.30882318069378,93.18139479297011
2012,hospitalisation (ate_hosp),3227,3137,63,27,0,97.21103191819027,96.5828914283542,97.7515097692759
2012,jaundice (cli_icteri),3227,3078,84,65,0,95.38270839789278,94.60092880698397,96.08083499381375
2012,outcome (evolucao),3227,3014,97,116,0,93.39944220638364,92.48726043276982,94.23196040036625
2012,renal impairment (cli_renal),3227,2995,125,107,0,92.81066005577937,91.8645310403725,93.67827617071461
2012,severity block (all three decoded),3227,2911,158,158,0,90.2076231794236,89.12993793040805,91.21178279960036
2013,confirmation criterion (criterio),4101,4061,40,0,0,99.02462813947818,98.67416603342045,99.30229149217016
2013,haemorrhage (cli_hemorr),4101,3707,199,195,0,90.39258717386004,89.44946717475571,91.27769791690594
2013,hospitalisation (ate_hosp),4101,3879,100,122,0,94.58668617410387,93.84955031881353,95.25945465322542
2013,jaundice (cli_icteri),4101,3874,122,105,0,94.46476469153865,93.7204291623748,95.14492382753613
2013,outcome (evolucao),4101,3783,159,159,0,92.2457937088515,91.38458995761766,93.04621966683935
2013,renal impairment (cli_renal),4101,3732,182,187,0,91.00219458668617,90.08474265696096,91.86073130295487
2013,severity block (all three decoded),4101,3619,226,256,0,88.24676908071201,87.22156391598371,89.2171276644359
2014,confirmation criterion (criterio),4705,4668,37,0,0,99.21360255047821,98.91766875993052,99.44571662099483
2014,haemorrhage (cli_hemorr),4705,4347,182,176,0,92.39107332624867,91.59622151609854,93.13282407465587
2014,hospitalisation (ate_hosp),4705,4476,103,126,0,95.13283740701381,94.47876369182916,95.73014020358096
2014,jaundice (cli_icteri),4705,4468,122,115,0,94.96280552603614,94.29877176959369,95.57030229059814
2014,outcome (evolucao),4705,4404,155,146,0,93.60255047821467,92.86523088557017,94.28516955375811
2014,renal impairment (cli_renal),4705,4362,165,178,0,92.70988310308182,91.9295720318337,93.43667465102821
2014,severity block (all three decoded),4705,4274,200,231,0,90.8395324123273,89.97909406145993,91.6488876356937
2015,confirmation criterion (criterio),4329,4288,41,0,0,99.05289905289905,98.71732287653168,99.3195109274488
2015,haemorrhage (cli_hemorr),4329,4084,102,143,0,94.34049434049435,93.61015221000937,95.01025829955854
2015,hospitalisation (ate_hosp),4329,4240,53,36,0,97.94409794409795,97.4760529879574,98.34576953336419
2015,jaundice (cli_icteri),4329,4192,67,70,0,96.83529683529683,96.26965055635685,97.33652119857726
2015,outcome (evolucao),4329,4080,123,126,0,94.24809424809425,93.51256972629588,94.9231766154354
2015,renal impairment (cli_renal),4329,4097,88,144,0,94.64079464079464,93.92765575118732,95.2929112466455
2015,severity block (all three decoded),4329,4006,123,200,0,92.53869253869253,91.71532775339725,93.30409063130836
2016,confirmation criterion (criterio),3029,2990,39,0,0,98.71244635193133,98.24403699994224,99.08286477492652
2016,haemorrhage (cli_hemorr),3029,2806,95,128,0,92.63783426873556,91.64948541212335,93.54283959797954
2016,hospitalisation (ate_hosp),3029,2951,51,27,0,97.42489270386267,96.7964562241039,97.9592853413939
2016,jaundice (cli_icteri),3029,2907,54,68,0,95.97226807527237,95.20980920369868,96.64420406455872
2016,outcome (evolucao),3029,2798,107,124,0,92.37372069990096,91.37048118204372,93.29416291867165
2016,renal impairment (cli_renal),3029,2824,78,127,0,93.2320897986134,92.2785406433342,94.1010584304799
2016,severity block (all three decoded),3029,2756,102,171,0,90.98712446351931,89.91080246374909,91.98348855998154
2017,confirmation criterion (criterio),2988,2943,45,0,0,98.49397590361446,97.9899613084132,98.89943053905115
2017,haemorrhage (cli_hemorr),2988,2791,85,112,0,93.4069611780455,92.45715509217642,94.27064139913084
2017,hospitalisation (ate_hosp),2988,2932,43,13,0,98.12583668005355,97.57307073995779,98.58124993305182
2017,jaundice (cli_icteri),2988,2898,56,34,0,96.98795180722891,96.31052416469252,97.57115204519788
2017,outcome (evolucao),2988,2776,92,120,0,92.904953145917,91.92495395665979,93.7998902608135
2017,renal impairment (cli_renal),2988,2816,74,98,0,94.24364123159303,93.34751010230245,95.05184981647513
2017,severity block (all three decoded),2988,2753,95,140,0,92.13520749665328,91.11145129065444,93.07551672919942
2018,confirmation criterion (criterio),3060,3003,57,0,0,98.13725490196077,97.59326016573172,98.58619913549309
2018,haemorrhage (cli_hemorr),3060,2867,81,112,0,93.69281045751634,92.77259339999816,94.52835570356122
2018,hospitalisation (ate_hosp),3060,2986,51,23,0,97.58169934640523,96.97345669638007,98.0964558309035
2018,jaundice (cli_icteri),3060,2979,37,44,0,97.35294117647058,96.7205706019405,97.89242275734232
2018,outcome (evolucao),3060,2778,153,129,0,90.7843137254902,89.70375544102212,91.78613974105352
2018,renal impairment (cli_renal),3060,2886,62,112,0,94.31372549019608,93.43358129541262,95.10789226184195
2018,severity block (all three decoded),3060,2807,93,160,0,91.73202614379085,90.6995209618365,92.68388724089935
2019,confirmation criterion (criterio),3695,3650,45,0,0,98.78213802435724,98.37376485047746,99.11033399288019
2019,haemorrhage (cli_hemorr),3695,3472,102,121,0,93.96481732070366,93.14803072188667,94.71116143178035
2019,hospitalisation (ate_hosp),3695,3618,48,29,0,97.91610284167794,97.4022884594927,98.35200792680413
2019,jaundice (cli_icteri),3695,3594,45,56,0,97.26657645466847,96.6884525109815,97.76819216976959
2019,outcome (evolucao),3695,3399,162,134,0,91.98917456021651,91.06674478636606,92.84451230736653
2019,renal impairment (cli_renal),3695,3495,85,115,0,94.5872801082544,93.80817230569612,95.29486431930141
2019,severity block (all three decoded),3695,3421,113,161,0,92.58457374830853,91.69204444129593,93.40901132350177
2020,confirmation criterion (criterio),1926,1891,35,0,0,98.18276220145378,97.48165319760801,98.73104536792019
2020,haemorrhage (cli_hemorr),1926,1774,81,71,0,92.1079958463136,90.81272687853482,93.27323128859362
2020,hospitalisation (ate_hosp),1926,1869,40,17,0,97.0404984423676,96.18246697267799,97.75096250907448
2020,jaundice (cli_icteri),1926,1839,54,33,0,95.48286604361371,94.45773924012404,96.36640874826554
2020,outcome (evolucao),1926,1735,114,77,0,90.08307372793354,88.66061460056696,91.3820812220246
2020,renal impairment (cli_renal),1926,1787,68,71,0,92.78296988577362,91.53490934912773,93.89876271144502
2020,severity block (all three decoded),1926,1737,87,102,0,90.18691588785047,88.77051978341783,91.47952625477308
2021,confirmation criterion (criterio),1799,1765,34,0,0,98.11006114508059,97.36893761961512,98.68770020033128
2021,haemorrhage (cli_hemorr),1799,1650,84,65,0,91.71762090050028,90.34708794761974,92.95019312637294
2021,hospitalisation (ate_hosp),1799,1753,30,16,0,97.44302390216787,96.60395841760891,98.12202916174446
2021,jaundice (cli_icteri),1799,1723,47,29,0,95.77543079488605,94.74061991609098,96.65733633452265
2021,outcome (evolucao),1799,1633,87,79,0,90.77265147304058,89.34015629074999,92.07048709301505
2021,renal impairment (cli_renal),1799,1667,70,62,0,92.66259032795998,91.35892378879397,93.82495104850155
2021,severity block (all three decoded),1799,1622,91,86,0,90.16120066703725,88.69090466646998,91.49895472341369
2022,confirmation criterion (criterio),3239,3181,58,0,0,98.20932386539056,97.69121862558534,98.6375282503587
2022,haemorrhage (cli_hemorr),3239,2907,206,126,0,89.74992281568386,88.65380087508942,90.77365591723307
2022,hospitalisation (ate_hosp),3239,3109,92,38,0,95.98641556035814,95.25225188710941,96.63597488849369
2022,jaundice (cli_icteri),3239,3044,140,55,0,93.9796233405372,93.10452763931141,94.7742122118145
2022,outcome (evolucao),3239,2922,146,171,0,90.2130287125656,89.13768600548416,91.21511049782131
2022,renal impairment (cli_renal),3239,2936,189,114,0,90.64526088298858,89.58994411546077,91.6265001703621
2022,severity block (all three decoded),3239,2851,229,159,0,88.02099413399198,86.85283632040546,89.11999800003909
2023,confirmation criterion (criterio),3409,3345,64,0,0,98.1226166031094,97.60887394892575,98.55126007282142
2023,haemorrhage (cli_hemorr),3409,3156,163,90,0,92.57846875916691,91.64685249281824,93.43623238995107
2023,hospitalisation (ate_hosp),3409,3319,67,23,0,97.35992959812262,96.76476558309999,97.87184955865901
2023,jaundice (cli_icteri),3409,3265,108,36,0,95.77588735699618,95.04565705114759,96.42621032356996
2023,outcome (evolucao),3409,3096,159,154,0,90.81842182458199,89.79906320592836,91.76711931853806
2023,renal impairment (cli_renal),3409,3187,142,80,0,93.48782634203579,92.60693562105133,94.2931874897759
2023,severity block (all three decoded),3409,3112,183,114,0,91.28776767380464,90.29062460322787,92.21340406376152
2024,confirmation criterion (criterio),4136,4053,83,0,0,97.99323017408123,97.51830844891212,98.39852846309748
2024,haemorrhage (cli_hemorr),4136,3751,264,121,0,90.69148936170212,89.76493355958668,91.56009099504224
2024,hospitalisation (ate_hosp),4136,3875,218,43,0,93.68955512572535,92.90507237841213,94.41160174790035
2024,jaundice (cli_icteri),4136,3906,181,49,0,94.43907156673113,93.69658485840922,95.11797055754442
2024,outcome (evolucao),4136,3705,222,209,0,89.57930367504837,88.60796031051508,90.49432528573662
2024,renal impairment (cli_renal),4136,3786,237,113,0,91.53771760154739,90.64778003684866,92.3684502655508
2024,severity block (all three decoded),4136,3705,278,153,0,89.57930367504837,88.60796031051508,90.49432528573662
2025,confirmation criterion (criterio),2970,2911,59,0,0,98.01346801346801,97.44491906642293,98.48440596679708
2025,haemorrhage (cli_hemorr),2970,2763,122,85,0,93.03030303030303,92.05458637634067,93.92016992739988
2025,hospitalisation (ate_hosp),2970,2888,61,21,0,97.23905723905723,96.58440768609495,97.79825320686986
2025,jaundice (cli_icteri),2970,2844,79,47,0,95.75757575757575,94.96943743276951,96.45386526873145
2025,outcome (evolucao),2970,2653,159,158,0,89.32659932659934,88.16028780680392,90.41477137455503
2025,renal impairment (cli_renal),2970,2786,107,77,0,93.8047138047138,92.87688151082614,94.6450368877798
2025,severity block (all three decoded),2970,2729,134,107,0,91.88552188552188,90.8448541913628,92.8427551574062
