variable,source_system,raw_field,accepted_values,transformation,missing_data_rule,aggregation_rule,used_in
classi_fin,"SINAN-LEPT (SINAN NET, annual national LEPTBR files, 2007-2025)",CLASSI_FIN,1=confirmado; 2=descartado; 8=inconclusivo. No 'ignorado' code declared.,"enum lookup, concept lept_classi_fin; codes matched verbatim and zero-stripped","Only classi_fin=='confirmado' enters the analytic population. descartado, inconclusivo and no-classification records are counted as separate exclusion rows in study_flow.csv, not dropped silently. decoded value carries a companion <field>_state in {valid, missing, unknown, invalid}; blank -> missing, explicit 'ignorado' code -> unknown, code absent from the registry -> invalid. The four are never pooled.",count of records = 'cases',"study population definition (60_analysis_panel.py, study_flow.csv)"
epiweek_onset_year / epiweek_onset_week,"SINAN-LEPT (SINAN NET, annual national LEPTBR files, 2007-2025)",SEM_PRI,"YYYYWW; year 1990-2100, week 1-53 (week 53 kept, it is legitimate)","epi_week transform (brepi/codebook/transforms.py): zero-fill to 6, split 4+2, cast","Records with a null onset year cannot be placed in any year and are excluded as a named cascade step (155 confirmed records); a valid onset year outside 2007-2025 is a separate exclusion (105). Week outside 1-53 -> invalid, never coerced.",assigns each case to one calendar year; the panel's time key,analytic window; every time series
municipality_residence_code7,"SINAN-LEPT (SINAN NET, annual national LEPTBR files, 2007-2025)",ID_MN_RESI,"6-digit IBGE municipality code (no check digit), resolved against the 2022 lattice (5,570 municipalities)","reference transform against ibge_municipality (zero_pad 6); emits name plus attributes uf, region, code7. code6->code7 via the check-digit codec in brepi/geo/lattice.py, not string concatenation.","Null residence municipality -> excluded as a named cascade step. Residence, never notification (ID_MUNICIP) or infection (COMUNINF) municipality; the three differ and mixing them mixes attributions.",joined to health_region_code via municipality_atlas; case attributed to region of residence,all geography; health-region panel
evolucao (outcome),"SINAN-LEPT (SINAN NET, annual national LEPTBR files, 2007-2025)",EVOLUCAO,1=cura; 2=obito_por_leptospirose; 3=obito_por_outras_causas; 9=ignorado (-> unknown),"enum lookup, concept lept_evolucao","death = state=='valid' AND value=='obito_por_leptospirose'. obito_por_outras_causas is a KNOWN outcome that is not a case fatality. outcome_known = state=='valid' and is the case-fatality denominator: a blank is never read as survival. decoded value carries a companion <field>_state in {valid, missing, unknown, invalid}; blank -> missing, explicit 'ignorado' code -> unknown, code absent from the registry -> invalid. The four are never pooled.",sum(deaths) / sum(outcome_known) after summing both; never a mean of region ratios,case fatality; the study's outcome
ate_hosp (hospitalisation),"SINAN-LEPT (SINAN NET, annual national LEPTBR files, 2007-2025)",ATE_HOSP,"1=sim; 2=nao; 9=ignorado (-> unknown). Concept sinan_sim_nao_ign, shared with 29 clinical/antecedent fields.","enum lookup, concept sinan_sim_nao_ign","hospitalised = state=='valid' AND value=='sim'. hosp_known = state=='valid'. A blank is not a 'nao'. decoded value carries a companion <field>_state in {valid, missing, unknown, invalid}; blank -> missing, explicit 'ignorado' code -> unknown, code absent from the registry -> invalid. The four are never pooled.",H = sum(hospitalised) / sum(hosp_known); the exposure,the exposure H (and B = 1 - H)
criterio (confirmation criterion),"SINAN-LEPT (SINAN NET, annual national LEPTBR files, 2007-2025)",CRITERIO,"1=clinico_laboratorial; 2=clinico_epidemiologico. No 'ignorado' code declared, so this field has no 'unknown' state.","enum lookup, concept lept_criterio","lab_confirmed = state=='valid' AND value=='clinico_laboratorial'; crit_known = state=='valid'. decoded value carries a companion <field>_state in {valid, missing, unknown, invalid}; blank -> missing, explicit 'ignorado' code -> unknown, code absent from the registry -> invalid. The four are never pooled.",share_lab = sum(lab_confirmed) / sum(crit_known),case-mix covariate; diagnostic-rigour check on the gradient
cli_icteri (jaundice),"SINAN-LEPT (SINAN NET, annual national LEPTBR files, 2007-2025)",CLI_ICTERI,1=sim; 2=nao; 9=ignorado (-> unknown),"enum lookup, concept sinan_sim_nao_ign","Contributes to the severe phenotype only when its own state is valid. decoded value carries a companion <field>_state in {valid, missing, unknown, invalid}; blank -> missing, explicit 'ignorado' code -> unknown, code absent from the registry -> invalid. The four are never pooled.",enters the severe-phenotype disjunction; not aggregated alone in the panel,severe phenotype
cli_renal (renal impairment),"SINAN-LEPT (SINAN NET, annual national LEPTBR files, 2007-2025)",CLI_RENAL,1=sim; 2=nao; 9=ignorado (-> unknown),"enum lookup, concept sinan_sim_nao_ign","Contributes to the severe phenotype only when its own state is valid. decoded value carries a companion <field>_state in {valid, missing, unknown, invalid}; blank -> missing, explicit 'ignorado' code -> unknown, code absent from the registry -> invalid. The four are never pooled.",enters the severe-phenotype disjunction,severe phenotype
cli_hemorr (haemorrhage),"SINAN-LEPT (SINAN NET, annual national LEPTBR files, 2007-2025)",CLI_HEMORR,1=sim; 2=nao; 9=ignorado (-> unknown),"enum lookup, concept sinan_sim_nao_ign","Contributes to the severe phenotype only when its own state is valid. decoded value carries a companion <field>_state in {valid, missing, unknown, invalid}; blank -> missing, explicit 'ignorado' code -> unknown, code absent from the registry -> invalid. The four are never pooled.",enters the severe-phenotype disjunction,severe phenotype
severe (severe phenotype),derived (analysis panel),"CLI_ICTERI, CLI_RENAL, CLI_HEMORR",1 if any of the three decodes to 'sim'; 0 if all three decode and none is 'sim',disjunction over the three decoded fields (60_analysis_panel.py),"sev_known requires ALL THREE states to be valid; a case with two answers and one blank does not enter the denominator, because a blank third sign is not a negative third sign. This is a conjunctive denominator and is the least complete of the study's measures.",share_severe = sum(severe) / sum(sev_known),case-mix; severity decomposition of the gradient
cli_hemopu (pulmonary haemorrhage),"SINAN-LEPT (SINAN NET, annual national LEPTBR files, 2007-2025)",CLI_HEMOPU,1=sim; 2=nao; 9=ignorado (-> unknown),"enum lookup, concept sinan_sim_nao_ign","EXCLUDED from the canonical severe phenotype in 60_analysis_panel.py: it is in practice the same field as CLI_HEMORR (they disagree in 13 of 61,219 records). DISCREPANCY ON RECORD: 44_depth_vs_severity.py defines SEVERE_FIELDS with four fields including cli_hemopu. The panel's three-field rule is canonical; any figure cut from 44 uses the four-field variant and must say so.",not aggregated in the canonical panel,44_depth_vs_severity.py only (variant definition)
age_years,"SINAN-LEPT (SINAN NET, annual national LEPTBR files, 2007-2025)",NU_IDADE_N,"packed UVVV: unit 1=hours, 2=days, 3=months, 4=years; value 000-999. Unit outside 1-4 -> invalid.","sinan_packed_age transform: sub-year ages converted (months/12, days/365.25, hours/8766), not floored to zero; age_unit retained alongside.","age60 = state=='valid' AND age_years >= 60; age_known = state=='valid'. A stray unit digit is invalid, never a newborn -- treating it as one would inflate the band where leptospirosis is rarest.",share_age60 = sum(age60) / sum(age_known),"case-mix covariate (age cut 60, named AGE_CUT in 60_analysis_panel.py)"
cs_sexo (sex),"SINAN-LEPT (SINAN NET, annual national LEPTBR files, 2007-2025)",CS_SEXO,M=masculino; F=feminino; I=ignorado (-> unknown),"enum lookup, concept sinan_sexo","male = (cs_sexo=='masculino'). NOTE: the panel computes share_male on the ALL-CASES denominator rather than on the valid-state denominator, unlike every other proportion in the panel. It is a descriptive covariate, not an estimand, but the asymmetry is on record.",share_male = sum(male) / cases,case-mix covariate; sex-specific rate ratio
con_ambien (infection setting),"SINAN-LEPT (SINAN NET, annual national LEPTBR files, 2007-2025)",CON_AMBIEN,SINAN environment-of-infection enumeration (concept bound in the registry),enum lookup,"decoded value carries a companion <field>_state in {valid, missing, unknown, invalid}; blank -> missing, explicit 'ignorado' code -> unknown, code absent from the registry -> invalid. The four are never pooled.","case counts and case fatality within setting, computed on valid-state cases only",52_exposure_routes.py: does infection setting explain the gradient?
ant_cb_* (14 exposure antecedents),"SINAN-LEPT (SINAN NET, annual national LEPTBR files, 2007-2025)","ANT_CB_LAM, ANT_CB_CRI, ANT_CB_CAI, ANT_CB_FOS, ANT_CB_SIN, ANT_CB_PLA, ANT_CB_COR, ANT_CB_ROE, ANT_CB_GRA, ANT_CB_TER, ANT_CB_LIX, ANT_CB_OUT, ANT_HUMANO, ANT_ANIMAI","1=sim; 2=nao; 9=ignorado (-> unknown), each","enum lookup, concept sinan_sim_nao_ign (one concept bound to all 14)","each antecedent computed on its own valid denominator; 81-90% recorded on confirmed cases. decoded value carries a companion <field>_state in {valid, missing, unknown, invalid}; blank -> missing, explicit 'ignorado' code -> unknown, code absent from the registry -> invalid. The four are never pooled.","share reporting each route, per stratum",52_exposure_routes.py
serovar / serogroup / reservoir,"SINAN-LEPT (SINAN NET, annual national LEPTBR files, 2007-2025)","MICRO1_S1 (and MICRO1_S_2, MICRO2_S1, MICRO2_S_2)","MAT serovar code 1-28, written either bare ('10') or self-labelled ('10 - COPENHAGENI') in the same column; serogroup and maintenance host attached as concept attributes. Serovar 21 (Patoc) is L. biflexa, saprophytic, and is never attributed to a reservoir.","labelled_code transform: take the leading integer, then an ordinary enum; attributes emit serogroup and reservoir in the same pass","MAT typing reaches 9,003 of 66,358 confirmed cases (13.5%); absence of a MAT result is not absence of infection",modal serogroup per municipality with its own count and share (atlas),descriptive reservoir table (not in the exposure-outcome chain)
occupation_major_group,"SINAN-LEPT (SINAN NET, annual national LEPTBR files, 2007-2025)",ID_OCUPA_N,"CBO 2002 six-digit code; first digit = major group 0-9. SINAN sentinels 000000, 998999, 999991-999995, 999999 -> unknown.","prefix_group transform (pad 6, width 1): decode only what the code structurally guarantees","sentinels mapped to unknown, NOT to major group 9; 22,942 of 66,358 confirmed cases (34.4%) carry a usable code",counts by major group,descriptive occupational exposure (not in the exposure-outcome chain)
notification and digitisation dates,"SINAN-LEPT (SINAN NET, annual national LEPTBR files, 2007-2025)","DT_SIN_PRI, DT_NOTIFIC, DT_DIGITA, ATE_DT_INT",dates; retained as raw text and parsed per use (%Y-%m-%d in the decoded frame),"date parse at point of use, strict=False so an unparseable date is null rather than an exception",delay statistics computed only on record pairs where both dates parse; the pair count is reported,"median and quantiles of the day difference, per stratum",notification-delay diagnostics; care-seeking delay by band (54_sih_severity_depth.py)
src_year (file vintage),"SINAN-LEPT (SINAN NET, annual national LEPTBR files, 2007-2025)",file of origin,2007-2025,literal added per annual file in 21_build_line_level.py,never null by construction,NOT the study's time key. 60_analysis_panel.py keys on onset year; 41_completeness_stratification.py keys on src_year. The two are different attributions of the same case and their totals differ.,schema-drift audit; the older completeness script's time key
sim_a27_deaths,"SIM-DO (Sistema de Informacoes sobre Mortalidade, declaration files)","CAUSABAS, CODMUNRES, DTOBITO",CAUSABAS with ICD-10 prefix A27 (anchored); CODMUNRES 6-digit; DTOBITO ddmmyyyy,prefix match on CAUSABAS; year taken as characters 5-8 of DTOBITO; municipality joined on the 6-digit form,"Underlying cause only for the primary count. The multiple-cause chain (LINHAA-LINHAD, LINHAII, CAUSABAS_O) is scanned separately in 47_audit_sim_sih.py; the two definitions give different totals and are not interchangeable.","deaths summed per health region; mortality rate = deaths / person-years, exact Poisson interval",62_triangulation.py: population mortality against reported case fatality
sih_a27_admissions,"SIH-RD (Sistema de Informacoes Hospitalares, reduced AIH files)","DIAG_PRINC, MUNIC_RES, DT_INTER",DIAG_PRINC starting 'A27'; MUNIC_RES 6-digit; DT_INTER yyyy-mm-dd,prefix match on DIAG_PRINC; admission year from DT_INTER; municipality joined on the 6-digit form,"Admissions, not people: an AIH is a billing record and a patient transferred between hospitals generates more than one. Window restricted to 2008-2024, the years all three systems cover completely.","admissions summed per health region; admission rate = admissions / person-years, exact Poisson interval",62_triangulation.py
sih severity and cost fields,"SIH-RD (Sistema de Informacoes Hospitalares, reduced AIH files)","DIAS_PERM, UTI_MES_TO, MORTE, VAL_TOT, CNES, MUNIC_MOV, IDADE, COD_IDADE","DIAS_PERM/UTI_MES_TO/VAL_TOT numeric; MORTE=='1' is in-hospital death; COD_IDADE 4=years, 3=months, 2=days, 1=hours","cast to float, strict=False; referred = (MUNIC_RES != MUNIC_MOV); age converted from IDADE by COD_IDADE","a value that will not cast is null, not zero; length-of-stay statistics restricted to survivors where stated","median length of stay, ICU share, in-hospital case fatality per H band",54_sih_severity_depth.py: is case mix harder where H is high?
person_years,IBGE via DATASUS,"POPSVS POPSBR{YY} (COD_MUN 7-digit, SEXO, age 000-080)","municipal population by sex and single year of age, 2007-2025; age 080 is 80-and-over","summed over sex and age to municipal totals, then over municipalities to health region and year. 6-digit codes converted via the check-digit codec, not string concatenation.","Gate: the 2022 total must land within 5% of the Censo 2022 count of 203,080,756; it is 3.9% higher because the estimates incorporate post-enumeration undercount. A failing gate aborts the build.",one person-year per resident per calendar year; summed before any rate is formed,incidence and mortality rate denominators
health_region_code / health_region_name,Ministry of Health (CIB/CIR resolutions) via OpenDataSUS,municipality -> regiao de saude crosswalk,"official dated extract; every one of the 5,570 municipalities in the 2022 lattice must map, or the build raises","brepi/geo/health_regions.py: normalise, verify uniqueness of code7, verify full coverage against the lattice","Never derived from municipality names, centroids or a stale lookup. SINAN's own ID_REGIONA / ID_RG_RESI are deliberately NOT used: that division is revised without a public changelog (ADR-001).",the study's spatial unit; 432 regions carry at least one confirmed case,every regional analysis
uf_abbr / region (macro-region),IBGE via DATASUS,derived from the municipality code,"27 UF abbreviations; 5 macro-regions (Norte, Nordeste, Sudeste, Sul, Centro-Oeste)","macro-region taken from the UF table rather than from the municipality lattice, so a municipality's region and its UF's region are the same string by construction; taking each from its own source once produced ten macro-regions instead of five.",a municipality code absent from the lattice yields a null region and is excluded with a count,stratification key,regional descriptive tables; completeness by macro-region
deprivation_share,IBGE Censo 2022 via SIDRA API,"table 10296, variable 13604, classification 386 categories 9681 / 9680","population at or below 1/4 minimum wage per capita over population with an income class, 2022",SIDRA extract; the classification of interest is requested LAST and its category id taken as the final element of category_ids,"municipalities with a zero income-class denominator yield null, not zero","summed numerators and denominators within H quintile, then the ratio",53_socioeconomic_confounders.py: is the gradient deprivation in disguise?
median_pc_income,IBGE Censo 2022 via SIDRA API,"table 10295, variable 13534","median per-capita household income, 2022, R$","SIDRA extract, municipality level",a suppressed or absent cell is null; the municipality count behind each band is reported,"population-weighted mean of municipal medians within band (a weighted mean of medians, and labelled as such)",53_socioeconomic_confounders.py
crowding_share,IBGE Censo 2022 via SIDRA API,"table 9933, variable 381, classification 1975 categories 73090 / 73086","households with more than three residents per bedroom over all households, 2022",SIDRA extract,zero household denominator yields null,"summed numerators and denominators within band, then the ratio",53_socioeconomic_confounders.py
Census 2022 covariate time base,IBGE Censo 2022 via SIDRA API,(all three above),"single cross-section, 2022",none,STATED SIMPLIFICATION: a 2022 cross-section is compared against a 2007-2025 outcome window. These are near-time-invariant municipal characteristics and the comparison is cross-sectional; it is not a time-varying adjustment and must not be read as one.,n/a,53_socioeconomic_confounders.py
H (exposure),derived (analysis panel),ATE_HOSP,"[0,1]",H = hospitalised / hosp_known within the aggregation unit,"Denominator is cases with a VALID ate_hosp, not all cases. INVERSE indicator: higher H = narrower ascertainment (only severe illness found); lower H = broader. B = 1 - H is the breadth-oriented scale. The word 'profundidade' is not used: an earlier draft called H 'profundidade de deteccao' and then described a high value as *menor* profundidade, which is self-contradictory.","counts summed first, ratio formed after; never a mean of sub-unit H values",the exposure of the whole study
cfr (case fatality),derived (analysis panel),EVOLUCAO,"[0,1]",deaths / outcome_known,denominator is cases with a valid evolucao; obito_por_outras_causas is in the denominator but not the numerator,counts summed first; exact Clopper-Pearson interval (brepi.analysis.rates.binom_ci),the outcome of the whole study
incidence_per_100k,derived (analysis panel),CLASSI_FIN x POPSVS,"rate per 100,000 person-years",1e5 * cases / person_years,"a region-year with no population row yields null, never a zero denominator","counts and person-years summed first; exact Poisson (Garwood) interval via poisson_ci(events, person_time, scale=1e5)",burden description; the incidence-lethality inversion
"outcome_completeness, hosp_completeness, severity_completeness, criterion_completeness",derived (analysis panel),the four state columns,"[0,1]",<field>_known / cases within the unit,carried in the panel per cell so that every proportion's own completeness is auditable without returning to the line level,counts summed first,this script; the missingness threat ledger
"hk_hosp, hk_nonhosp, d_hosp, d_nonhosp",derived (analysis panel),EVOLUCAO x ATE_HOSP,counts,"cases with BOTH evolucao_state and ate_hosp_state valid, split by ate_hosp value and death",a case missing either field enters none of the four; the joint denominator is smaller than either marginal,cfr_hosp = d_hosp / hk_hosp; cfr_nonhosp = d_nonhosp / hk_nonhosp,the shared-denominator test: is the gradient a denominator effect?
H_quintile (exposure band),derived (analysis panel),H,1-5; Q1 = lowest H = broadest ascertainment,"health regions sorted by H ascending, cumulative case share, ceil(share*5) clipped to [1,5]","Equal case mass, not equal region count. Health regions with fewer than 30 confirmed cases are excluded from banded analyses (they cannot support a case-fatality estimate) and the excluded mass is reported.",counts summed within band before any ratio,every stratified table in the study
