health_region_code,year,dH,dCFR,outcome_known,hosp_known
12002,2008,0.4541062801932367,0.10526315789473684,38,36
12002,2009,-0.05555555555555547,-0.014354066985645925,66,66
12002,2010,-0.07657657657657657,0.009090909090909094,40,37
12002,2011,-0.22342342342342347,-0.05145631067961166,103,105
12002,2012,-0.16094839609483963,-0.02762318722833814,239,239
12002,2013,-0.1134105782641347,-0.018737095978513092,458,390
12002,2014,0.0008681607106803546,0.004206370244290358,939,889
12002,2015,-0.03734560991989719,-0.003941795941670805,817,809
12002,2016,0.13970781464430668,0.005014706151007508,134,127
12002,2017,0.07625681405208962,0.007921928817451206,130,130
12002,2018,-0.0830896376350922,-0.0066126855600539824,114,121
12002,2019,-0.052619607248464595,-0.008771929824561403,107,109
12002,2020,-0.08400229357798167,0.0,64,64
12002,2021,0.15081521739130432,0.0,45,46
12002,2022,0.2554347826086957,0.02857142857142857,35,32
12002,2023,-0.435126582278481,-0.016376306620209058,82,79
12002,2024,0.20143093010456797,0.029471544715447152,24,23
12002,2025,0.0,-0.020390070921985814,47,46
12003,2014,-0.423728813559322,-0.03442928039702234,248,236
12003,2015,0.03831214689265536,-0.004032258064516129,99,96
12003,2016,0.024951550387596902,0.0,45,43
12003,2017,0.033304622451909266,0.0,82,81
12003,2018,0.16049382716049382,0.02857142857142857,35,30
12003,2019,-0.16666666666666666,-0.02857142857142857,89,90
12003,2020,0.13063063063063066,0.0,77,74
12003,2021,-0.09476565172767706,0.013157894736842105,76,79
12003,2022,0.12355531095211889,-0.013157894736842105,44,46
12003,2023,0.031055900621118016,0.0136986301369863,73,70
12003,2024,-0.08441558441558444,-0.0136986301369863,77,77
12003,2025,0.07421150278293137,0.0,58,49
13001,2008,0.06910569105691056,0.02439024390243902,41,41
13001,2009,-0.08243902439024398,0.038048780487804884,50,50
13001,2010,0.08322580645161293,0.0012903225806451535,31,31
13001,2011,-0.08355367530407187,-0.07932310946589106,61,61
13001,2012,-0.1105812220566319,0.012372409526755349,53,55
13001,2013,0.08720538720538717,0.04566037735849057,50,54
13001,2014,-0.10972913211719182,-0.07650793650793652,63,67
13001,2015,0.08266360505166481,0.03454715219421102,51,52
13001,2016,0.04895104895104896,0.023172905525846707,33,33
13001,2017,-0.046251993620414766,0.008417508417508407,54,57
13001,2018,0.06590801327643436,0.017429193899782147,34,37
13001,2019,-0.049959049959049984,0.00919117647058823,32,33
13001,2020,0.16450216450216448,-0.056249999999999994,20,21
13001,2021,-0.08571428571428563,-0.03333333333333334,30,30
13001,2022,0.1333333333333333,0.07126436781609195,29,29
13001,2023,0.0,-0.00749625187406297,23,23
13001,2024,0.0,0.03623188405797101,30,32
13001,2025,-0.10256410256410253,0.017543859649122806,38,39
15006,2008,0.07617567042363005,-0.07905982905982906,78,93
15006,2009,-0.02928039702233254,-0.03725961538461539,64,65
15006,2010,-0.0866096866096866,0.07002314814814814,54,54
15006,2011,-0.021082621082621045,-0.019115890083632014,62,65
15006,2012,-0.03665158371040733,0.03225806451612903,31,34
15006,2013,0.011852502194907855,-0.018433179723502308,63,67
15006,2014,0.019426676143094013,0.004683840749414525,61,63
15006,2015,-0.05396825396825389,0.09488325881768506,66,70
15006,2016,0.025181598062953947,-0.13131313131313133,54,59
15006,2017,-0.01719840478564305,0.027350427350427364,65,68
15006,2018,0.10464620630861043,0.08960863697705801,57,69
15006,2019,-0.04259455638034648,-0.08314263920671242,69,82
15006,2020,0.07030129124820661,0.06935817805383021,28,34
15006,2021,0.031092436974789917,0.035714285714285726,32,35
15006,2022,-0.10952380952380947,-0.14473684210526316,38,42
15006,2023,-0.02083333333333337,0.06140350877192982,30,32
15006,2024,0.10416666666666663,0.06060606060606061,44,48
15006,2025,-0.011006289308176043,-0.09906759906759907,39,53
15008,2012,-0.2931034482758621,0.0,35,29
15008,2015,0.23923444976076552,0.09090909090909091,22,19
15008,2018,-0.17348927875243664,0.0,22,27
15008,2019,0.1447811447811448,0.0,11,11
15008,2024,-0.07453416149068323,-0.045454545454545456,27,28
15008,2025,-0.0974025974025974,0.0,21,22
16001,2008,-0.013593380614657202,0.0,67,72
16001,2009,0.1356209150326797,0.014925373134328358,67,68
16001,2010,0.11979913916786233,-0.014925373134328358,38,41
16001,2011,-0.01685796269727413,0.04411764705882353,68,68
16001,2012,0.07852386237513875,-0.04411764705882353,52,53
16001,2013,-0.10651247717589774,0.0,29,31
16001,2014,0.12387096774193551,0.0851063829787234,47,50
16001,2015,0.17081081081081084,-0.0851063829787234,28,37
16001,2016,-0.05609382967873533,0.07142857142857142,42,53
16001,2017,-0.22346698113207553,-0.02976190476190476,24,32
16001,2018,0.18614130434782605,0.09166666666666667,45,46
16001,2019,0.06832298136645965,0.0018018018018018112,37,42
16001,2020,-0.09340659340659341,-0.04422604422604423,11,13
16001,2021,-0.1565934065934066,-0.05244755244755245,26,28
16001,2022,0.06428571428571428,0.10439560439560439,14,15
16001,2025,0.30999999999999994,0.058823529411764705,17,20
16003,2008,0.1604278074866311,0.0625,16,17
16003,2009,0.10364145658263302,-0.0625,21,21
16003,2010,-0.1595238095238095,0.0,20,20
16003,2011,0.27,0.0,20,25
16003,2012,-0.23578947368421055,0.18181818181818182,11,19
16003,2013,0.06578947368421051,-0.18181818181818182,12,12
16003,2014,0.050000000000000044,0.1111111111111111,18,20
16003,2017,0.015384615384615441,0.04,25,26
16003,2018,0.05128205128205121,-0.002962962962962966,27,27
16003,2019,-0.019607843137254832,-0.037037037037037035,16,17
16003,2025,0.07386363636363635,0.1,10,11
21016,2009,-0.08823529411764708,-0.13676470588235295,34,34
21016,2010,-0.002673796791443861,-0.04278074866310161,22,22
21016,2011,-0.051948051948051965,0.2508417508417508,27,28
21016,2012,0.1428571428571429,0.003703703703703709,10,11
21016,2015,0.0,0.1818181818181818,11,11
21016,2023,0.09999999999999998,-0.1550802139037433,17,17
21016,2024,0.0,0.1323529411764706,24,25
21016,2025,0.0,-0.07352941176470587,17,18
23001,2008,0.06712962962962965,0.0486815415821501,34,32
23001,2009,-0.04583333333333328,-0.03290129611166501,118,120
23001,2010,-0.05833333333333335,0.1761238025055269,23,24
23001,2011,-0.04022988505747127,-0.20273003033367037,86,87
23001,2012,0.0023510971786833146,0.011627906976744186,43,44
23001,2013,0.20454545454545459,-0.06976744186046512,17,21
23001,2014,-0.26315789473684215,0.15789473684210525,38,38
23001,2015,0.17620137299771166,-0.07093821510297482,23,23
23001,2016,-0.03209109730848858,0.18133616118769885,41,42
23001,2017,-0.0714285714285714,-0.16302952503209245,19,21
23001,2018,0.14396456256921375,0.18741976893453144,41,43
23001,2019,-0.06459948320413444,-0.1380437515715363,97,99
23001,2020,0.008547008547008628,-0.0007930214115781098,39,39
23001,2021,0.05128205128205121,-0.051282051282051294,39,39
23001,2022,-0.053195560658247154,0.018648018648018655,66,67
23001,2023,0.018270715388574388,0.013403263403263393,52,58
23001,2024,0.002873563218390718,-0.06443994601889338,57,60
23001,2025,-0.09523809523809523,0.025978407557354935,52,56
25001,2012,-0.10033444816053505,-0.010869565217391297,12,13
25001,2013,0.03076923076923077,-0.019230769230769218,13,10
25001,2018,-0.06666666666666665,-0.22307692307692306,13,12
25001,2023,0.0714285714285714,-0.06190476190476191,14,14
25001,2024,0.0,0.24107142857142858,16,20
25001,2025,-0.617283950617284,-0.3125,75,81
26010,2008,-0.004490326912585441,-0.07626876047928678,143,141
26010,2009,0.08372253935305307,0.006503051089038342,157,164
26010,2010,-0.17152704135737007,-0.006540647900828714,186,184
26010,2011,0.14778289663115463,0.044486611849040694,306,302
26010,2012,0.01778838749422451,0.07916930212945393,93,86
26010,2013,-0.017254313578394576,-0.11135660627485638,146,124
26010,2014,-0.14288218793828888,0.032391552511415525,192,184
26010,2015,0.20674266525273943,0.04820736434108529,129,123
26010,2016,-0.07137094271706079,-0.029923564807285752,143,131
26010,2017,0.018651137168489873,0.0032585215831289205,191,194
26010,2018,-0.022229381443299,-0.003214262045198507,158,160
26010,2019,0.03380102040816324,0.026663075680043113,188,196
26010,2020,-0.013144240747146263,0.17375886524822692,60,59
26010,2021,0.023593220338983034,-0.13172043010752688,124,125
26010,2022,-0.11359652928416486,-0.07356412273800156,492,461
26010,2023,0.08197950800756915,0.029845956354300374,190,188
26010,2024,0.0037206482196008306,-0.006853070175438597,192,193
26010,2025,0.0018210592494635192,-0.00002125850340134461,245,239
27001,2008,-0.171875,-0.05273343009192065,53,64
27001,2009,0.053230932203389814,0.001451378809869383,52,59
27001,2010,-0.04802259887005644,-0.05060728744939272,38,42
27001,2011,0.07843137254901955,0.06743421052631579,64,68
27001,2012,-0.13051470588235292,0.10625000000000001,30,32
27001,2013,0.05208333333333337,-0.061111111111111116,36,36
27001,2014,-0.051515151515151514,-0.02568134171907757,53,55
27001,2015,0.0007905138339920903,-0.013207547169811318,20,23
27001,2016,0.14046822742474918,0.13076923076923078,13,13
27001,2017,-0.10826210826210836,-0.10349650349650352,55,54
27001,2018,0.12804232804232807,-0.03352272727272726,32,35
27001,2019,-0.01978021978021971,0.011513157894736836,38,39
27001,2020,0.03988603988603978,0.03759398496240601,28,27
27001,2021,-0.06296296296296289,-0.031746031746031744,18,20
27001,2022,0.01836734693877551,0.11337868480725624,49,49
27001,2023,0.01913265306122447,-0.030941408821593158,31,32
27001,2024,-0.05288461538461542,0.006451612903225823,25,26
27001,2025,0.03538461538461546,0.1333333333333333,24,25
28001,2008,0.054605626034197496,0.04999999999999999,36,37
28001,2009,0.027027027027026973,0.05303030303030304,33,33
28001,2010,-0.0714285714285714,-0.09372797744890768,43,42
28001,2011,0.006912442396313279,0.145536384096024,31,31
28001,2012,-0.04659498207885304,-0.04233870967741937,16,18
28001,2013,0.04444444444444451,-0.04583333333333334,15,15
28001,2014,-0.05833333333333335,-0.005797101449275366,23,24
28001,2015,0.06617647058823528,0.09207161125319696,17,17
28001,2023,0.04166666666666663,-0.15686274509803919,17,22
28001,2024,-0.0625,0.037815126050420145,14,16
28001,2025,0.0625,-0.037815126050420145,17,17
28006,2008,-0.09469696969696972,-0.30434782608695654,23,22
28006,2009,0.13636363636363635,0.28985507246376807,15,15
28006,2010,0.0,-0.26666666666666666,15,16
28006,2011,-0.09090909090909094,0.11515151515151516,11,11
28006,2012,0.09090909090909094,0.17532467532467533,14,14
28006,2013,-0.08333333333333337,0.059523809523809534,12,12
28006,2014,0.08333333333333337,-0.1166666666666667,10,10
28006,2015,0.0,-0.0692307692307692,13,13
29020,2008,-0.04761904761904767,0.00721500721500723,66,63
29020,2009,0.04761904761904767,-0.021324354657688005,81,100
29020,2010,-0.014705882352941124,-0.024130190796857465,132,136
29020,2011,-0.041897891231964524,-0.042613636363636354,96,106
29020,2012,0.016603773584905612,-0.008643617021276598,47,50
29020,2013,-0.000322580645161219,0.08156028368794326,114,124
29020,2014,-0.024193548387096864,-0.06140350877192982,57,62
29020,2015,0.018004501125281402,0.07992202729044834,81,86
29020,2016,-0.09237726098191212,0.09067688378033206,29,36
29020,2017,0.13888888888888884,-0.1442831215970962,38,43
29020,2018,-0.04347826086956519,0.02631578947368421,38,46
29020,2019,0.005742411812961423,0.059496567505720827,46,53
29020,2020,-0.03543488265071326,0.004830917874396129,36,41
29020,2021,0.004988913525498795,0.015873015873015872,42,44
29020,2022,-0.0032467532467531646,0.08333333333333337,56,70
29020,2023,-0.0035714285714285587,-0.21031746031746035,63,80
29020,2024,0.04129213483146066,0.041666666666666685,72,89
29020,2025,0.003404834865509021,0.08796296296296294,54,66
31016,2008,-0.09523809523809523,0.09956709956709955,21,21
31016,2009,0.036414565826330514,-0.0029761904761904656,16,17
31016,2010,-0.15170278637770895,-0.029605263157894746,19,19
31016,2011,0.14156079854809434,-0.08382066276803118,27,29
31016,2012,0.06896551724137934,0.0998389694041868,23,24
31016,2013,-0.125,-0.06280193236714976,18,24
31016,2014,0.05833333333333335,0.022222222222222227,15,15
31016,2015,0.01904761904761898,-0.13333333333333333,21,21
31016,2016,0.04761904761904767,0.2727272727272727,11,11
31016,2017,-0.16666666666666663,-0.18577075098814227,23,24
31016,2018,0.09523809523809523,-0.08695652173913043,26,28
31016,2019,-0.02857142857142858,0.07407407407407407,27,30
31016,2020,-0.03888888888888886,-0.01693121693121693,35,36
31016,2021,0.08006535947712412,-0.05714285714285714,18,17
31016,2022,-0.07450980392156858,0.07407407407407407,27,30
31016,2023,-0.048484848484848464,-0.026455026455026454,21,22
31016,2024,0.11038961038961037,0.02930402930402931,13,14
31016,2025,-0.015527950310559091,0.08974358974358973,24,23
32002,2008,0.09926470588235292,0.024456521739130432,69,64
32002,2009,-0.06681034482758619,-0.017991004497751123,87,87
32002,2010,-0.0053050397877983935,-0.0487634970393591,99,78
32002,2011,0.0625814863102998,0.11425176131058483,119,118
32002,2012,-0.1479661016949152,0.0028011204481792895,102,100
32002,2013,-0.030000000000000027,-0.07058823529411766,60,60
32002,2014,-0.1105263157894737,-0.011620795107033635,109,95
32002,2015,0.32020373514431244,0.048402404302435934,29,31
32002,2016,-0.06682027649769584,-0.06344827586206897,25,28
32002,2017,0.20496894409937882,0.023829787234042547,47,46
32002,2018,-0.07639751552795027,-0.03257978723404255,32,35
32002,2019,0.042130750605326894,-0.014008620689655173,58,59
32002,2020,-0.28525743524144553,-0.017241379310344827,53,53
32002,2021,0.19897084048027447,0.09523809523809523,21,22
32002,2022,-0.1515151515151515,-0.0629800307219662,31,33
32002,2023,-0.014781966001478186,-0.005942275042444822,38,41
32002,2024,0.16242864556305137,0.0030959752321981435,34,47
32002,2025,-0.08054711246200608,0.03510436432637571,31,42
32004,2008,0.1611111111111111,0.029411764705882353,34,36
32004,2009,0.023504273504273532,-0.029411764705882353,88,91
32004,2010,-0.12374581939799334,0.022222222222222223,45,46
32004,2011,0.056590752242926146,0.010564663023679418,61,63
32004,2012,-0.037460317460317416,-0.03278688524590164,51,50
32004,2013,-0.03609756097560979,0.06976744186046512,43,41
32004,2014,0.08943089430894308,-0.01094391244870041,34,36
32004,2015,0.2575757575757576,-0.01715686274509804,24,22
32004,2016,-0.17914438502673802,-0.041666666666666664,17,17
32004,2019,-0.20833333333333337,0.0,25,24
32004,2020,0.019308943089430985,0.024390243902439025,41,41
33004,2008,0.13571428571428568,0.03383458646616541,19,20
33004,2009,-0.03518518518518521,-0.010025062656641603,21,27
33004,2010,0.18518518518518523,0.09523809523809523,21,21
33004,2011,-0.35,-0.07936507936507936,18,20
33004,2012,0.29117647058823526,0.0,18,17
33004,2013,-0.05228758169934644,0.18888888888888888,20,27
33004,2014,0.039682539682539764,-0.15714285714285714,14,14
33004,2017,0.05384615384615388,0.18181818181818182,11,10
33004,2018,-0.06666666666666665,0.0,22,24
33004,2019,0.16666666666666663,-0.06181818181818183,25,25
33004,2022,-0.08974358974358976,-0.23076923076923078,17,18
33004,2023,0.04471544715447151,0.15789473684210525,38,41
33004,2024,-0.08857509627727855,0.008771929824561403,18,19
33004,2025,-0.03947368421052633,-0.09523809523809523,14,16
33005,2008,0.13812842210054754,-0.05607627666451198,91,98
33005,2009,-0.09770207295516631,-0.07478115105233749,118,127
33005,2010,0.07159860831349574,0.080098414434117,124,129
33005,2011,-0.11202495745887697,-0.02729528535980147,78,82
33005,2012,0.09443402126328959,-0.02564102564102566,78,78
33005,2013,-0.06211102813044567,-0.03670715249662618,95,103
33005,2014,0.03097549699491453,0.17703349282296652,55,63
33005,2015,0.06298003072196623,-0.13492822966507179,57,62
33005,2016,0.032258064516129004,0.03233082706766918,70,79
33005,2017,-0.06666666666666665,-0.045326278659612,81,90
33005,2018,-0.011003236245954673,0.05802469135802468,90,103
33005,2019,0.034566454636759225,-0.04603174603174601,105,116
33005,2020,0.008015728977616488,0.08677248677248675,54,57
33005,2021,-0.01369276850663248,-0.21734892787524365,38,41
33005,2022,-0.25235587583148555,0.040549486924859324,159,176
33005,2023,0.2002960275019099,-0.012353998203054814,112,119
33005,2024,0.02861811391223157,0.05637915543575921,159,180
33005,2025,0.03650793650793649,0.013693177294801379,79,84
33006,2008,0.1094262295081968,-0.00915750915750918,42,61
33006,2009,0.012942191544434767,-0.24307862679955702,43,57
33006,2010,-0.008906882591093068,0.03598069328652917,53,65
33006,2011,-0.018461538461538418,0.004716981132075471,20,25
33006,2012,-0.040000000000000036,-0.03947368421052633,19,25
33006,2013,-0.036250000000000004,-0.018218623481781354,26,32
33006,2014,0.08217592592592593,0.141025641025641,21,27
33006,2015,-0.10239651416122009,0.023809523809523836,14,17
33006,2016,0.1098039215686275,-0.05714285714285716,20,30
33006,2017,-0.038596491228070184,0.05714285714285716,14,19
33006,2018,0.0052631578947368585,-0.2857142857142857,28,30
33006,2019,-0.09047619047619049,0.1103896103896104,22,21
33006,2020,0.13165266106442575,-0.038961038961038974,14,17
33006,2023,-0.1428571428571429,-0.13186813186813184,39,42
33006,2024,0.03759398496240607,0.022624434389140274,17,19
33007,2008,0.251336898395722,0.11176470588235293,17,17
33007,2009,0.1217038539553752,-0.3427991886409736,29,29
33007,2010,-0.21647509578544055,0.1663286004056795,17,18
33007,2011,0.13888888888888884,-0.1519607843137255,12,12
33007,2012,0.06818181818181823,-0.08333333333333333,11,11
33007,2024,-0.3153846153846153,0.1,10,13
33008,2009,-0.09090909090909094,0.09893048128342247,22,22
33008,2012,-0.16666666666666663,-0.021390374331550832,11,12
33008,2024,-0.03418803418803429,0.08333333333333334,16,18
33008,2025,-0.07070707070707061,0.11363636363636365,11,11
33009,2008,-0.015979814970563555,0.17948717948717952,13,29
33009,2009,0.03078817733990158,-0.09935897435897437,24,28
33009,2010,-0.02619047619047621,-0.0654761904761905,14,15
33009,2011,-0.6257575757575757,-0.13221884498480244,188,220
33009,2012,0.634090909090909,0.11057382333978079,33,32
33009,2013,-0.0818965517241379,0.20021645021645024,28,29
33009,2014,0.064039408866995,-0.07142857142857145,12,14
33009,2015,-0.0793650793650793,-0.25,15,18
33009,2016,-0.09027777777777779,0.26666666666666666,15,16
33009,2017,0.20138888888888884,-0.14901960784313725,17,18
33009,2018,0.04861111111111116,-0.06209150326797386,18,32
33009,2019,0.009868421052631526,0.0032679738562091526,17,19
33009,2023,0.31388888888888883,0.06195652173913043,23,24
33009,2024,-0.10416666666666663,0.013043478260869573,30,32
33009,2025,-0.007499999999999951,0.01999999999999999,25,25
35011,2008,0.22399884759435318,0.07575757575757575,90,89
35011,2009,0.026916903321397734,-0.05952380952380952,84,91
35011,2010,-0.0816095669036846,0.007611241217798603,122,136
35011,2011,-0.01369168356997974,-0.04268202628858367,111,116
35011,2012,-0.2395052473763118,0.06275938860208523,89,92
35011,2013,0.08433283358320837,-0.045722549783068195,101,116
35011,2014,-0.11624026696329254,0.004349033034144537,107,124
35011,2015,0.24633431085043983,0.029618979151689442,65,66
35011,2016,0.2604895104895105,0.08146853146853147,44,52
35011,2017,-0.013736263736263687,0.16387559808612437,38,42
35011,2018,0.011428571428571344,-0.10175438596491226,45,50
35011,2019,-0.06727272727272726,-0.037500000000000006,48,55
35011,2020,0.023824451410658365,0.14583333333333334,24,29
35011,2021,0.06178160919540232,-0.27976190476190477,21,24
35011,2022,-0.04404761904761911,0.1116584564860427,29,35
35011,2023,0.06071428571428572,-0.0304259634888438,34,40
35011,2024,-0.08214285714285707,0.07352941176470587,24,28
35011,2025,0.08333333333333326,0.05555555555555558,36,42
35013,2008,0.13095238095238093,-0.042857142857142844,10,12
35013,2009,-0.021929824561403466,0.1,15,19
35013,2010,-0.02517162471395884,-0.033333333333333354,18,23
35013,2011,-0.18206521739130432,-0.16666666666666666,12,16
35013,2012,0.27249999999999996,0.0,17,25
35013,2013,-0.06714285714285706,0.08333333333333333,24,28
35013,2014,0.0071428571428571175,-0.08333333333333333,18,20
35013,2015,-0.11428571428571432,0.14285714285714285,14,14
35013,2016,0.08385093167701863,-0.07619047619047618,15,23
35013,2017,0.08043478260869563,0.26666666666666666,15,20
35013,2018,0.050000000000000044,-0.2564102564102564,13,15
35013,2019,-0.052631578947368474,0.11057692307692307,16,19
35013,2020,-0.17813765182186225,-0.10416666666666667,12,13
35013,2023,-0.11111111111111116,-0.021367521367521375,18,18
35014,2008,0.0838433292533659,-0.008783783783783777,37,38
35014,2009,-0.08771929824561397,-0.07335907335907338,28,36
35014,2010,0.06989247311827951,-0.10714285714285714,28,31
35014,2011,-0.016862170087976525,0.2976190476190476,39,44
35014,2012,0.06712473572938693,-0.12745098039215685,34,43
35014,2013,-0.08682170542635659,0.02941176470588236,34,45
35014,2014,-0.08405797101449275,-0.024767801857585148,19,23
35014,2015,-0.04576659038901609,-0.05668016194331982,13,19
35014,2016,0.1722488038277512,0.08615384615384614,25,33
35014,2017,-0.016233766233766156,-0.1246153846153846,26,28
35014,2018,0.06168831168831168,0.12271062271062269,21,22
35014,2019,0.0019762845849802257,-0.15476190476190477,24,23
35014,2020,0.04347826086956519,0.0931372549019608,17,17
35014,2021,-0.06666666666666665,0.09019607843137253,15,15
35014,2022,0.06666666666666665,-0.1,18,21
35014,2023,0.0,0.018518518518518517,27,29
35014,2024,0.0,0.14814814814814814,12,14
35014,2025,-0.0625,-0.11458333333333331,32,32
35015,2008,-0.1517857142857143,-0.08455284552845528,41,42
35015,2009,0.08270676691729328,0.06550522648083623,35,38
35015,2010,0.07360793287566736,-0.02337662337662337,66,69
35015,2011,-0.09017713365539448,0.046345811051693414,51,54
35015,2012,-0.042328042328042326,-0.0658263305322129,42,42
35015,2013,-0.04481792717086841,0.170995670995671,33,34
35015,2014,0.20404411764705888,-0.04242424242424242,30,32
35015,2015,-0.01041666666666663,0.060869565217391286,23,24
35015,2016,-0.05833333333333335,-0.20823798627002288,19,20
35015,2017,0.023076923076923106,0.06736842105263158,25,26
35015,2018,0.04466501240694787,0.04666666666666666,30,31
35015,2019,-0.009408602150537626,-0.006666666666666654,25,24
35015,2020,0.04166666666666663,-0.006153846153846149,13,12
35015,2021,0.0,0.012820512820512803,12,13
35015,2022,-0.03703703703703709,0.018518518518518517,27,27
35015,2023,0.03703703703703709,0.11916264090177137,23,25
35015,2024,-0.11111111111111116,-0.045088566827697296,27,27
35015,2025,0.11111111111111116,-0.028490028490028463,13,14
35016,2008,0.023369951129860844,-0.008597190186621945,171,178
35016,2009,-0.030244728336155102,-0.043859649122807015,276,292
35016,2010,-0.005870841487279899,-0.010416666666666657,256,266
35016,2011,0.0045172219085263254,-0.033979257641921404,229,253
35016,2012,-0.013833992094861691,0.016457581341343355,173,184
35016,2013,-0.04513550399688049,0.038611577778410566,203,223
35016,2014,0.011916158613392458,-0.022501191800413156,155,178
35016,2015,0.11682182985553768,0.04516129032258065,145,175
35016,2016,-0.01752128666035946,-0.04848484848484849,132,151
35016,2017,-0.0032927596285471372,0.018419489007724305,153,179
35016,2018,0.05207204202451432,0.0010055304172951196,117,134
35016,2019,-0.045104149581761566,-0.055788655788655786,165,182
35016,2020,0.031997414350355524,0.02770562770562769,98,119
35016,2021,-0.015617567781829655,0.025563909774436094,95,106
35016,2022,0.020352456661239304,-0.05347852389594676,174,197
35016,2023,-0.02309778959525155,0.0,174,189
35016,2024,-0.013975551906586392,0.010057471264367818,128,145
35016,2025,-0.027586206896551668,0.009328358208955223,134,145
35041,2008,0.15384615384615385,-0.015551048005409074,51,52
35041,2009,0.04853479853479847,0.0431372549019608,40,42
35041,2010,-0.1278195488721804,0.045614035087719274,57,57
35041,2011,-0.0019807583474815704,-0.00832589949449894,59,62
35041,2012,-0.05513878469617406,-0.1057091882247993,38,43
35041,2013,-0.021410114433370264,-0.02248803827751196,55,63
35041,2014,0.09607351712614864,0.2438502673796792,51,57
35041,2015,0.03443794671864853,-0.0862745098039216,75,81
35041,2016,0.029706790123456783,0.0,30,32
35041,2017,0.06743421052631582,-0.016666666666666663,36,38
35041,2018,-0.04410674573758344,0.04411764705882354,68,71
35041,2019,-0.03084328757354249,-0.05954974582425565,81,79
35041,2020,-0.013019891500904213,0.06846240179573515,33,35
35041,2021,0.05714285714285716,-0.03832442067736186,34,35
35041,2022,0.011688311688311748,0.027977044476327095,41,44
35041,2023,-0.0006993006993006867,-0.042682926829268275,60,65
35041,2024,-0.15384615384615385,0.0357142857142857,42,45
35041,2025,0.13617021276595742,-0.06349206349206349,45,47
35072,2008,-0.013248542660307283,-0.07521367521367522,39,37
35072,2009,0.09371709371709369,-0.010458839406207829,76,77
35072,2010,-0.1237955592794302,0.05789473684210526,60,62
35072,2011,-0.023975588491717548,-0.03888888888888889,135,111
35072,2012,-0.04054054054054057,-0.05734767025089605,93,98
35072,2013,0.06043956043956045,0.024014336917562724,90,91
35072,2014,-0.03771228771228774,-0.02342995169082126,92,88
35072,2015,-0.06818181818181818,0.04089026915113871,42,44
35072,2016,0.2545454545454546,-0.023809523809523808,56,55
35072,2017,-0.00909090909090915,-0.045787545787545784,39,40
35072,2018,0.12608695652173918,0.1561771561771562,22,23
35072,2019,-0.14961636828644498,-0.025568181818181823,32,34
35072,2020,0.2058823529411764,0.02022058823529413,17,17
35072,2021,-0.11312217194570129,-0.0995475113122172,13,13
35072,2022,0.1923076923076923,0.0030769230769230743,25,26
35072,2023,-0.13545150501672243,0.18086956521739128,23,23
35072,2024,-0.08695652173913049,-0.08695652173913043,23,23
35072,2025,0.09420289855072472,-0.06280193236714976,18,18
35103,2010,-0.20496894409937888,0.0,21,21
35103,2011,0.023809523809523808,0.0,12,12
35103,2012,0.27083333333333337,0.0,16,16
35103,2013,-0.1375,0.05,20,20
35103,2014,0.2625,0.09285714285714285,14,16
35103,2015,-0.16249999999999998,-0.14285714285714285,14,15
35103,2016,0.04999999999999999,0.0,20,20
35121,2010,-0.03678929765886285,0.11036789297658864,13,13
35121,2011,0.1493212669683257,0.022624434389140274,17,17
35121,2012,0.0,0.0,17,17
35121,2013,-0.29102167182662536,0.0,17,19
35121,2014,-0.10526315789473684,-0.009803921568627472,18,19
35121,2015,0.4777327935222672,-0.16666666666666666,13,13
35121,2016,-0.23504273504273498,0.16666666666666666,18,18
35163,2008,-0.04545454545454547,0.05555555555555555,18,22
35163,2009,0.22545454545454552,0.021367521367521375,26,25
35163,2010,0.019999999999999907,0.026525198938992037,29,30
35163,2011,0.12758620689655176,0.10344827586206896,29,29
35163,2012,-0.2859195402298851,-0.03298350824587706,23,24
35163,2013,0.08333333333333337,-0.0713489409141583,39,40
35163,2014,-0.0492424242424242,0.02243589743589744,32,33
35163,2015,0.18181818181818177,0.09375,32,33
35163,2016,0.1281385281385281,-0.1278409090909091,33,35
35163,2017,-0.07802197802197797,0.03409090909090909,24,26
35163,2018,0.05897435897435899,0.1163793103448276,29,30
35163,2019,-0.1393939393939394,-0.09852216748768475,21,22
35163,2020,0.2727272727272727,-0.07142857142857142,14,15
35163,2023,0.20508166969147001,0.15294117647058825,17,19
35163,2024,-0.15560640732265452,-0.2165775401069519,22,23
35163,2025,0.13043478260869568,0.030303030303030304,24,23
35171,2008,-0.04824561403508765,0.08333333333333333,12,12
35171,2009,0.21666666666666667,0.14743589743589747,13,15
35171,2010,-0.15714285714285714,-0.15934065934065936,14,14
35171,2011,0.0071428571428571175,0.07142857142857142,21,20
35171,2012,0.0537037037037037,-0.09523809523809523,21,27
35171,2013,-0.20370370370370372,0.06776556776556777,26,28
35171,2014,0.1842105263157895,0.015050167224080258,23,19
35171,2015,0.03007518796992481,-0.03952569169960474,22,21
35171,2018,-0.06666666666666665,0.09134615384615385,13,15
35171,2023,-0.0071428571428571175,-0.16428571428571426,20,20
35171,2024,0.15000000000000002,0.075,16,16
35171,2025,-0.05882352941176472,-0.0661764705882353,17,17
41001,2008,0.33974358974358976,0.18181818181818182,11,13
41001,2011,-0.15740740740740733,-0.41337907375643224,53,54
41001,2012,0.14074074074074072,0.0679245283018868,10,10
41001,2013,-0.2333333333333334,-0.033333333333333354,12,12
41001,2016,-0.045584045584045496,-0.11333333333333337,12,13
41001,2017,0.05429864253393657,-0.16666666666666666,17,17
41001,2018,-0.09625668449197855,0.0,10,11
41001,2019,0.2727272727272727,0.05263157894736842,19,20
41001,2020,0.0,0.038277511961722493,11,11
41001,2021,-0.30000000000000004,0.1090909090909091,20,20
41001,2022,0.13333333333333341,0.09411764705882353,17,18
41001,2023,0.04166666666666663,-0.16911764705882354,16,16
41001,2024,0.05603448275862066,0.20833333333333331,27,29
41001,2025,-0.14156079854809434,-0.19999999999999998,15,19
41002,2008,0.007294429708222805,0.02604166666666667,128,130
41002,2009,0.10316319194823864,0.04214015151515152,99,107
41002,2010,-0.0005990893841361089,0.0393939393939394,220,234
41002,2011,-0.10451152223304117,-0.05542521994134897,310,316
41002,2012,0.017274198153611864,0.0019207091849298141,131,133
41002,2013,-0.007634470792365566,0.030134686863035054,191,195
41002,2014,0.023025296850800236,-0.06015671668013635,149,149
41002,2015,0.013549449157908011,-0.0010833377371452652,254,265
41002,2016,-0.01793302736698954,-0.036205754654499975,214,222
41002,2017,-0.07148452800626715,0.0034359538207806573,136,138
41002,2018,0.07215541165587414,-0.008664546899841016,185,188
41002,2019,-0.057088687592163456,0.00046176830096428256,199,202
41002,2020,0.06163088218934254,0.05515529454501422,83,89
41002,2021,0.12105835447625946,-0.02370773416245628,93,93
41002,2022,-0.027504244482173146,-0.0058651026392961825,176,190
41002,2023,-0.027773659500864856,-0.01130710085933967,201,213
41002,2024,0.024867957746478875,0.058695882290674295,188,192
41002,2025,-0.013221153846153855,-0.04433814079680137,149,156
41003,2010,-0.15909090909090906,-0.09090909090909091,11,12
41003,2015,-0.009090909090909038,-0.21363636363636365,20,20
41003,2016,0.04999999999999993,0.1,20,20
41003,2019,0.003759398496240629,0.03383458646616541,19,19
41003,2022,0.14102564102564108,-0.07051282051282053,12,12
41003,2023,-0.08333333333333337,-0.08333333333333333,30,28
41003,2024,-0.09999999999999998,0.0,20,20
41003,2025,-0.04130434782608694,0.041666666666666664,24,23
41007,2019,-0.2727272727272727,0.1,10,11
41007,2020,0.09090909090909088,-0.009090909090909094,11,11
41007,2021,0.27272727272727276,-0.09090909090909091,12,11
41007,2022,-0.393939393939394,0.06666666666666667,15,15
41007,2023,-0.06666666666666665,-0.06666666666666667,15,15
41007,2024,-0.06666666666666665,0.0,10,10
41007,2025,0.2,0.0,14,15
41008,2014,0.19871794871794873,0.08333333333333333,12,13
41008,2015,0.17032967032967028,-0.009259259259259259,27,28
41008,2019,-0.38095238095238093,0.05,20,21
41008,2022,-0.29230769230769227,0.0,10,10
41008,2023,0.12941176470588234,0.0,17,17
41008,2024,-0.046653144016227166,0.041666666666666664,24,29
41008,2025,-0.054187192118226646,-0.041666666666666664,12,14
41017,2013,-0.17045454545454547,0.09090909090909091,11,11
41017,2016,0.054226475279106845,0.11164274322169057,19,19
41017,2017,-0.22672064777327927,-0.2631578947368421,12,13
41017,2018,0.0,0.08333333333333333,12,13
41017,2019,0.3846153846153846,0.08333333333333333,12,12
42001,2008,-0.1787941787941788,0.0,26,26
42001,2009,0.34615384615384615,0.0,26,26
42001,2010,-0.15384615384615385,0.0,18,16
42001,2011,0.20731707317073167,0.0,40,41
42001,2012,-0.14849354375896695,0.029411764705882353,34,34
42001,2015,0.0,0.0,24,26
42001,2016,-0.0641025641025641,0.0,20,27
42001,2017,0.02298850574712652,0.0,28,29
42001,2018,0.10201149425287348,0.0,23,24
42001,2019,-0.125,0.0,18,21
42001,2024,0.28571428571428575,-0.05555555555555555,20,21
42002,2008,0.11455108359133132,0.0,17,17
42002,2009,0.4117647058823529,0.0,17,15
42002,2010,-0.38095238095238093,0.0,21,21
42002,2011,0.27380952380952384,0.0,27,28
42002,2012,-0.03571428571428581,0.0,21,21
42002,2016,-0.17543859649122806,0.0,15,15
42002,2017,0.17948717948717952,0.0,14,13
42004,2010,0.07352941176470584,0.125,16,17
42004,2011,-0.561624649859944,-0.10119047619047619,42,42
42004,2012,0.11309523809523808,-0.023809523809523808,16,16
42004,2013,0.15833333333333333,0.0,14,15
42004,2014,0.2666666666666667,0.0,10,10
42004,2015,-0.050000000000000044,0.0625,16,16
42004,2016,-0.0092592592592593,-0.0625,25,27
42004,2017,0.03703703703703709,0.0,17,18
42004,2018,0.0,0.0,17,18
42004,2019,-0.37777777777777777,0.0,10,10
42004,2020,0.36923076923076925,0.0,12,13
42004,2024,0.2996794871794872,0.0,15,16
42004,2025,-0.35096153846153844,0.0,12,13
42005,2008,-0.5180592991913746,-0.0836996336996337,260,265
42005,2009,0.2293054997992774,0.07356792144026186,47,47
42005,2010,0.374468085106383,0.05775075987841945,21,20
42005,2011,-0.3869565217391305,-0.05396825396825396,45,46
42005,2012,-0.2463768115942029,-0.08888888888888889,18,18
42005,2013,0.2833333333333333,0.05263157894736842,19,20
42005,2014,0.08333333333333331,0.014035087719298248,15,15
42005,2015,0.16666666666666663,-0.004166666666666666,16,20
42005,2016,0.17500000000000004,-0.017045454545454544,22,24
42005,2017,-0.22499999999999998,0.004545454545454547,20,20
42005,2018,-0.0071428571428571175,0.10384615384615385,13,14
42005,2019,0.11904761904761896,-0.10121457489878544,19,21
42005,2024,-0.012987012987012991,-0.1103896103896104,14,14
42005,2025,0.1607142857142857,-0.004761904761904759,15,16
42006,2008,-0.448961376176566,-0.014882943143812711,230,237
42006,2009,0.20210109360199774,-0.004347826086956522,47,49
42006,2010,0.20683949255377831,0.027777777777777776,36,37
42006,2011,-0.1492164433340904,-0.008730158730158727,105,119
42006,2012,0.13795518207282914,0.00797940797940798,37,36
42006,2013,-0.04761904761904767,-0.02702702702702703,28,28
42006,2014,0.0892857142857143,0.02702702702702703,37,40
42006,2015,-0.13269230769230766,-0.011402027027027029,64,65
42006,2016,0.0461538461538461,0.03565705128205128,39,39
42006,2017,0.09790209790209792,-0.021870286576168928,34,33
42006,2018,0.13286713286713292,0.009049773755656111,26,26
42006,2019,-0.03238866396761142,0.014170040485829954,19,19
42006,2020,-0.030959752321981338,0.009868421052631582,16,17
42006,2021,-0.08683473389355745,0.03273809523809523,21,21
42006,2022,0.24581724581724584,-0.011904761904761904,36,37
42006,2023,-0.29729729729729737,-0.08333333333333333,37,37
42006,2024,0.20515970515970516,0.0,22,22
42006,2025,-0.17272727272727273,0.03225806451612903,31,30
42007,2008,-0.14714558389727572,0.015830185285123227,109,113
42007,2009,0.024596564289432576,-0.022787807043504,62,68
42007,2010,-0.032898726500909636,0.020933424845573097,94,97
42007,2011,-0.01910988182046769,-0.029191489361702128,125,123
42007,2012,0.06057357276869468,0.019010752688172046,93,91
42007,2013,0.03179798924479782,-0.03214118747078074,92,94
42007,2014,-0.06259277585353784,0.012118940529735132,87,86
42007,2015,-0.07237070461645267,0.00801924619085806,129,134
42007,2016,0.0415314730694355,-0.002436323366555925,70,69
42007,2017,0.004637681159420204,0.026984126984126982,72,75
42007,2018,0.09899543378995435,-0.04126984126984127,70,73
42007,2019,-0.07899543378995433,0.04340659340659341,52,60
42007,2020,-0.052688172043010684,-0.057692307692307696,29,31
42007,2021,0.17545239968528714,0.02857142857142857,35,41
42007,2022,-0.06982305117168819,0.01398176291793313,47,51
42007,2023,-0.05882352941176472,0.017446808510638297,50,51
42007,2024,0.21381886087768442,0.021967213114754094,61,63
42007,2025,-0.1570593149540518,-0.02641165755919854,54,57
42010,2008,-0.19999999999999996,0.0,10,10
42010,2013,0.006493506493506551,0.0,13,14
42010,2014,0.3571428571428571,0.0,10,11
42010,2015,-0.17647058823529416,0.0625,16,17
42010,2016,-0.07352941176470584,-0.0625,11,12
42011,2008,-0.4867938371239912,-0.06603081438004403,94,94
42011,2009,0.02896890343698849,0.03207855973813421,65,65
42011,2010,0.2637362637362638,-0.038461538461538464,70,70
42011,2011,-0.010865191146881337,-0.05774647887323944,71,71
42011,2012,0.07276995305164324,-0.018443997317236754,42,42
42011,2013,0.0,0.047619047619047616,42,42
42011,2014,0.0714285714285714,0.023809523809523808,42,42
42011,2015,-0.22976190476190472,-0.04523809523809523,80,80
42011,2016,0.18499999999999994,-0.029591836734693882,49,50
42011,2017,0.09999999999999998,0.10459183673469388,24,25
42011,2018,0.040000000000000036,-0.125,18,18
42011,2019,-0.05405405405405406,0.02702702702702703,37,37
42011,2020,0.05405405405405406,0.08408408408408408,18,19
42011,2021,0.0,0.0763888888888889,16,16
42011,2022,-0.09090909090909094,-0.09659090909090909,22,22
42011,2023,0.007575757575757569,0.04797979797979798,36,36
42011,2024,-0.11111111111111105,-0.02777777777777779,36,36
42011,2025,-0.14646464646464652,-0.06565656565656565,44,44
42015,2011,-0.034782608695652195,0.08695652173913043,23,23
42016,2008,0.023783783783783763,0.05263157894736842,38,37
42016,2009,0.005689900426742556,-0.05263157894736842,18,19
42016,2010,-0.015280135823429575,0.0,29,31
42016,2011,-0.07651912978244557,0.024390243902439025,41,43
42016,2012,0.05232558139534882,-0.024390243902439025,27,28
42016,2013,0.14473684210526316,0.05555555555555555,18,19
42016,2014,-0.20242914979757087,-0.05555555555555555,24,26
42016,2015,0.08269230769230773,0.0,38,40
42016,2016,-0.03815789473684217,0.0,17,19
42016,2017,0.10931174089068829,0.0,13,13
42016,2018,0.0871794871794872,0.0,14,15
42016,2019,-0.2666666666666667,0.0,17,18
42016,2020,0.06060606060606066,0.0,10,11
42016,2021,-0.12727272727272732,0.1,10,10
42016,2022,0.12727272727272732,0.08181818181818182,11,11
42016,2023,-0.06060606060606066,-0.18181818181818182,15,15
42016,2024,0.02564102564102566,0.15384615384615385,13,13
42016,2025,-0.15897435897435896,-0.15384615384615385,15,15
42017,2008,0.016182048040455088,0.0,113,113
42017,2009,-0.059215557740631475,0.024691358024691357,81,81
42017,2010,0.005782153461478368,-0.012033130176590091,79,79
42017,2011,-0.18946176803540193,0.0036019347535247524,123,123
42017,2012,0.07195121951219519,-0.016260162601626018,60,60
42017,2013,-0.06494252873563222,0.034482758620689655,58,58
42017,2014,0.15415821501014204,0.004732927653820149,51,51
42017,2015,-0.07921568627450981,-0.0392156862745098,74,75
42017,2016,-0.08820512820512827,0.038461538461538464,52,52
42017,2017,0.11153846153846159,-0.038461538461538464,20,20
42017,2018,0.15000000000000002,0.0,20,20
42017,2019,0.014814814814814725,0.10714285714285714,28,27
42017,2020,-0.06481481481481477,-0.10714285714285714,12,12
42017,2021,-0.2833333333333333,0.07692307692307693,13,15
42017,2022,0.33333333333333337,-0.010256410256410262,15,15
42017,2023,-0.2090909090909091,-0.06666666666666667,23,22
42017,2024,0.07575757575757569,0.05555555555555555,18,18
42017,2025,0.0,-0.05555555555555555,15,15
43001,2008,-0.06888888888888889,0.07692307692307693,13,18
43001,2011,0.1623376623376624,0.047619047619047616,21,22
43001,2012,0.05614973262032086,0.01904761904761905,15,17
43001,2013,0.2100840336134453,-0.06666666666666667,13,14
43001,2014,-0.2142857142857142,0.07692307692307693,13,14
43001,2015,-0.04285714285714293,0.018315018315018305,21,20
43001,2016,0.13076923076923075,-0.09523809523809523,20,26
43001,2017,-0.11965811965811957,0.058823529411764705,17,18
43001,2018,0.2979797979797979,0.015250544662309365,27,33
43001,2019,-0.15909090909090906,-0.07407407407407407,45,52
43001,2020,-0.1029411764705882,0.0625,16,17
43001,2021,-0.3613445378151261,-0.0625,10,14
43001,2022,0.4017857142857143,0.3,10,16
43001,2025,0.1830357142857143,0.0,10,14
43007,2008,0.050264550264550234,0.04642857142857143,35,42
43007,2009,0.028314028314028294,-0.11082251082251082,33,37
43007,2010,0.10333863275039745,0.008359456635318702,29,34
43007,2011,-0.009358288770053513,-0.04623824451410658,44,44
43007,2012,-0.0984848484848484,0.03977272727272727,16,18
43007,2013,-0.16666666666666674,0.004166666666666666,30,36
43007,2014,0.22695035460992907,-0.04227642276422764,41,47
43007,2015,-0.13751946030098594,0.05060975609756097,40,41
43007,2016,0.16056910569105687,-0.075,11,12
43007,2017,-0.15909090909090906,0.03125,32,33
43007,2018,-0.027846027846027854,-0.0026785714285714295,35,37
43007,2019,-0.10472972972972971,0.022276029055690077,59,64
43007,2020,0.07499999999999996,0.06026365348399246,18,20
43007,2021,-0.012499999999999956,0.05555555555555555,12,16
43007,2022,0.0267857142857143,-0.012820512820512803,13,14
43007,2023,-0.09890109890109888,-0.07384615384615385,25,26
43007,2024,-0.3092621664050236,-0.045116279069767444,86,98
43007,2025,0.4330079858030168,0.09555106167846308,23,23
43008,2008,0.11481481481481481,0.1303225806451613,31,30
43008,2009,-0.06190476190476191,-0.0681003584229391,18,21
43008,2010,-0.0714285714285714,-0.2222222222222222,22,24
43008,2011,0.09259259259259256,0.07692307692307693,26,27
43008,2014,-0.1391891891891891,-0.16176470588235292,34,37
43008,2015,0.05585585585585584,-0.03823529411764706,60,60
43008,2016,-0.3041666666666667,0.09814814814814814,27,32
43008,2017,0.14338235294117652,-0.026936026936026924,33,34
43008,2018,0.2200435729847494,-0.041212121212121214,25,27
43008,2019,-0.031189083820662766,0.07789473684210525,38,38
43008,2022,-0.1166666666666667,-0.2,17,20
43008,2023,-0.03888888888888886,0.05,40,45
43008,2024,-0.36993464052287583,-0.003271028037383182,107,85
43008,2025,0.23574660633484157,0.11993769470404983,24,26
43009,2008,0.1355311355311355,0.047619047619047616,21,21
43009,2009,-0.16402116402116407,-0.007619047619047616,25,27
43009,2010,-0.0532407407407407,0.17428571428571427,14,16
43009,2011,0.004807692307692291,-0.21428571428571427,22,26
43009,2012,0.007692307692307665,0.09523809523809523,21,20
43009,2013,-0.018181818181818188,0.004761904761904773,20,22
43009,2014,0.051515151515151514,0.1,15,15
43009,2015,0.09019607843137256,-0.1375,16,17
43009,2018,0.011111111111111127,0.047619047619047616,21,20
43009,2019,0.2666666666666666,-0.047619047619047616,22,21
43009,2024,-0.3555555555555556,0.04634146341463413,41,45
43009,2025,0.11388888888888893,-0.08384146341463414,16,16
43010,2008,-0.08947230929989558,-0.01256348569901096,87,88
43010,2009,0.056488801054018434,-0.007996001999000496,69,69
43010,2010,0.014841976602060436,0.023921774052732672,83,83
43010,2011,0.00355267222737099,0.0661144578313253,80,78
43010,2012,0.01857666143380432,-0.06947674418604652,43,49
43010,2013,-0.13056306860093436,-0.003279666070363743,78,83
43010,2014,0.08378127896200194,0.02136752136752136,63,65
43010,2015,-0.007984420642648482,0.022222222222222227,75,79
43010,2016,-0.02866716306775885,-0.07083333333333333,64,68
43010,2017,0.0846702317290553,0.021710526315789472,95,99
43010,2018,-0.013403263403263366,-0.005779153766769865,51,52
43010,2019,0.04600778967867569,-0.0005092946269416865,77,79
43010,2020,-0.04042466312780724,-0.006493506493506496,28,31
43010,2021,-0.0014025245441795509,0.20129870129870128,22,23
43010,2022,0.08498023715415026,-0.11888111888111885,39,44
43010,2023,-0.26454545454545464,-0.08155699721964783,83,100
43010,2024,-0.3876744186046511,-0.04334178820545339,380,301
43010,2025,0.43767441860465117,0.05994152046783626,45,50
43013,2008,-0.09090909090909094,0.0,11,11
43013,2009,0.013986013986014068,0.0,13,13
43013,2012,0.05714285714285705,-0.06666666666666667,14,14
43013,2017,-0.01666666666666672,0.0,14,15
43013,2018,-0.12222222222222212,0.0,16,18
43013,2019,0.10317460317460314,0.0,34,35
43014,2014,0.03947368421052633,0.0,19,19
43014,2015,-0.003759398496240629,0.0,14,14
43014,2016,0.09307359307359309,0.02857142857142857,35,33
43014,2017,0.010101010101010055,0.024060150375939848,19,18
43014,2018,-0.13888888888888884,-0.05263157894736842,18,20
43014,2019,-0.06428571428571428,0.05714285714285714,35,35
43014,2020,-0.21512605042016808,-0.05714285714285714,17,17
43014,2023,-0.10256410256410264,0.0,16,15
43014,2024,-0.04901960784313719,0.05714285714285714,35,34
43014,2025,0.04901960784313719,-0.05714285714285714,11,12
43017,2014,0.17613636363636365,0.06666666666666667,15,16
43017,2015,0.1875,0.016666666666666663,12,11
43017,2016,0.0,-0.08333333333333333,17,16
43017,2017,-0.16666666666666663,0.0,10,12
43017,2018,0.08974358974358976,0.0,12,13
43017,2019,-0.040723981900452566,0.0,14,17
43017,2023,-0.01666666666666672,-0.07142857142857142,13,15
43017,2024,-0.12222222222222212,0.06666666666666667,15,18
43021,2008,-0.15555555555555556,-0.003686635944700461,35,45
43021,2009,-0.028352490421455878,-0.02857142857142857,46,58
43021,2010,0.12483631601920558,0.0,57,79
43021,2011,-0.0812791472351766,0.0,44,57
43021,2012,-0.0851393188854489,0.0,31,34
43021,2013,0.2706879361914257,0.019230769230769232,52,59
43021,2014,0.02726602800294764,-0.019230769230769232,44,46
43021,2015,0.035063113604488105,0.0,21,31
43021,2016,-0.009487666034155628,0.05555555555555555,18,17
43021,2017,-0.12184873949579822,0.021367521367521375,13,14
43021,2024,-0.30999999999999994,-0.007478632478632473,104,100
43021,2025,0.08619047619047615,-0.04807692307692308,18,21
43028,2008,0.03322580645161288,-0.02971311475409836,61,62
43028,2009,-0.04276069017254314,-0.016657852987837125,124,129
43028,2010,-0.055155381765795375,0.02974252737496301,109,113
43028,2011,-0.03303250679050207,-0.03597056953401762,101,101
43028,2012,0.1388338833883388,-0.009900990099009901,46,45
43028,2013,-0.012376933895921205,0.01282051282051282,78,79
43028,2014,-0.05922800437568376,0.024216524216524215,81,81
43028,2015,0.06958473625140293,0.0019240019240019252,77,77
43028,2016,-0.09370629370629369,0.00791396103896104,64,65
43028,2017,-0.023176823176823125,-0.033361486486486486,74,77
43028,2018,0.007792207792207795,0.010876730388925511,82,85
43028,2019,-0.06612903225806455,-0.016056910569105694,120,124
43028,2020,-0.09750733137829914,-0.008333333333333333,32,33
43028,2021,0.06734006734006737,0.0,29,27
43028,2022,-0.3190883190883191,0.0,26,26
43028,2023,0.22408026755852845,0.047619047619047616,21,23
43028,2024,-0.17391304347826092,-0.0016420361247947435,87,92
43028,2025,-0.0524296675191816,-0.013718946978123842,31,34
43029,2008,-0.1333333333333333,0.005494505494505503,13,15
43029,2009,0.033333333333333326,0.023076923076923078,10,10
43029,2014,0.0625,-0.12867647058823528,17,17
43029,2019,0.006191950464396245,0.125,16,19
43029,2023,-0.5338753387533876,-0.1,40,41
43029,2024,0.24446965399886555,0.02378048780487805,41,43
43030,2008,0.009523809523809601,-0.07142857142857142,15,15
43030,2009,-0.009523809523809601,0.0,14,14
43030,2010,0.017857142857142905,0.06666666666666667,15,16
43030,2011,0.0,-0.06666666666666667,17,16
43030,2012,0.125,0.14285714285714285,14,14
43030,2013,-0.10526315789473684,-0.14285714285714285,19,19
43030,2014,0.10526315789473684,0.07142857142857142,28,28
43030,2015,-0.09999999999999998,-0.004761904761904759,30,30
43030,2016,-0.04285714285714293,-0.06666666666666667,13,14
43030,2017,-0.1298701298701298,0.045454545454545456,22,22
43030,2024,0.03378378378378377,0.04875,25,32
53001,2008,0.09683794466403162,-0.0026315789473684154,20,23
53001,2009,-0.054750402576489554,0.06999999999999999,25,27
53001,2010,-0.045584045584045496,-0.06117647058823529,17,26
53001,2011,0.09743589743589742,0.2745098039215686,15,15
53001,2012,0.008333333333333304,-0.25,12,16
53001,2013,0.05092592592592593,0.07051282051282053,26,27
53001,2014,0.07407407407407407,0.14615384615384613,20,19
53001,2015,-0.07692307692307687,-0.09999999999999998,25,26
53001,2016,-0.10826210826210836,-0.12592592592592594,27,27
53001,2019,0.007936507936507908,-0.14583333333333331,16,21
53001,2020,0.04761904761904767,0.0625,12,15
53001,2025,0.04329004329004327,0.016666666666666663,15,21
