health_region_code,id_space,u_model_A,u_model_B,or_A,or_B
11001,1,-0.123134251896563,0.431160202194063,0.884144956455499,1.53904208812763
11002,2,-0.77010183205263,-0.46887463411956,0.462965921140675,0.625706020425676
11003,3,-0.822780726740637,-0.205235886291084,0.439208635655579,0.814455174940065
11004,4,-0.606423497274661,-0.228725293349768,0.545297644186648,0.79554704555435
11005,5,-0.697775679153606,-0.397186727976762,0.497691098199503,0.672208493780862
11006,6,-0.0826647035535614,0.0678172206259212,0.92065978942969,1.07016968565611
11007,7,-0.334240663359707,-0.0608940909430985,0.71588147505309,0.940922886754711
12001,8,-2.62835179982227,-1.71227152267772,0.07219735992972,0.180455418131499
12002,9,-1.99089735393926,-1.04818242028114,0.136572816287155,0.350574367243647
12003,10,-2.20036112342034,-1.0968265456791,0.110763151970859,0.333929112792512
13001,11,0.407778755467193,0.315393524141444,1.50347448885963,1.37079864718985
13002,12,0.0628298506778432,-0.0218633870889072,1.06484564105234,0.978373884426376
13003,13,-0.0899895572545522,0.0199722180384186,0.913940729271786,1.02017299722603
13004,14,0.168615188095458,0.0142874040505836,1.18366456305923,1.01438995683011
13005,15,0.305225931840004,0.132092758611829,1.35693154241655,1.14121417180017
13006,16,-0.752491418756431,-0.434315985835455,0.471191154664004,0.647707556732656
13007,17,-1.09848426520896,-0.668782222776358,0.333376010551501,0.512332104418922
13008,18,-0.0876763829652361,-0.0653791662556518,0.916057280500873,0.936712226367221
13009,19,0.143226550633361,0.0634848084450613,1.15399120949324,1.06554329841895
14001,20,0.0703214399224162,0.0744786100519768,1.07285298361444,1.07732229940781
14002,21,0.00587200627710512,0.000141199678717197,1.00588928030047,1.00014120964786
15001,22,-0.353455783376916,-0.25639098241064,0.702257043336576,0.773839352061877
15002,23,0.470568449139579,0.403973980660346,1.60090396709542,1.49776497559551
15003,24,0.030391651280582,0.0533339471788545,1.03085819183272,1.05478182772657
15004,25,0.398402506981884,0.377459786574233,1.48944342064564,1.45857478832599
15006,26,0.733297307848172,0.596985709914258,2.08193408004213,1.81663467527979
15007,27,0.581860743160938,0.430852237997948,1.78936488342251,1.53856819124356
15008,28,-0.557001067757013,0.207267751583593,0.572924652308876,1.23031194565536
15009,29,0.951807272561586,0.700841050752858,2.59038696674695,2.01544708813135
15010,30,0.446217236291439,0.315125033319206,1.5623908376619,1.37043064973812
15011,31,0.922151314994199,0.944592038599108,2.51469447483716,2.57176398410894
15012,32,0.524704497422487,0.492682194732976,1.68995938723188,1.63670028675522
15013,33,-0.189400343019579,0.00124825185538055,0.827455174472773,1.00124903124599
15014,34,0.801153547060838,0.750898802907772,2.22810967599002,2.11890363774531
16001,35,-0.70661580878791,-0.309145980360046,0.493310833951139,0.734073601875529
16002,36,-0.273970866910579,-0.125285711285084,0.760354226405884,0.882244799276571
16003,37,-0.605820160929776,-0.325685613447169,0.54562674134232,0.722032148951363
17001,38,-0.429542927697507,-0.320501704211071,0.650806492373972,0.725784816417084
17002,39,-0.248279291183509,-0.141777834418733,0.780142026058509,0.867814033480095
17003,40,-0.217485324088812,-0.191488074972737,0.804539412182147,0.825729471894235
17004,41,-0.72358597030139,-0.452439938790824,0.485009902706578,0.636074274414039
17005,42,-0.302784436360076,-0.24001491343179,0.738758328641868,0.78661612983308
17006,43,-0.511592248771835,-0.361969824167935,0.599540201265616,0.696303379058587
17007,44,-0.195974954774865,-0.170751251055684,0.822032822417479,0.84303125052566
17008,45,-0.207538002452055,-0.191418136013011,0.812582361064113,0.825787224574073
21001,46,0.0888040300388272,0.139846620533784,1.09286646634064,1.15009738400551
21002,47,0.440800138712272,0.147272012905215,1.55395009683691,1.15866909311439
21003,48,0.0255118148001389,-0.0445543645276004,1.02584002629373,0.956423603162867
21004,49,0.0239399330078558,-0.0428316564013883,1.02422879369995,0.958072661891744
21005,50,-0.439463506864502,-0.456205739499645,0.644382034903494,0.633683449970187
21006,51,-0.0398262339276228,-0.121559880259659,0.960956406265736,0.885538025514317
21007,52,0.0892374119721649,-0.0653136730571165,1.09334019756856,0.936773576656024
21008,53,-0.118871203827529,-0.0801460440053279,0.887922154372574,0.922981540622052
21009,54,0.220636873391981,0.0285870497897838,1.24687057646428,1.02899958113315
21010,55,0.267414874225852,-0.00383533340787509,1.30658240126355,0.996172012089488
21011,56,1.31674379863314,0.909212999085652,3.73125186739544,2.48236813843569
21012,57,-0.414519839684947,-0.463356779820482,0.660657426036416,0.629168117971234
21013,58,0.610870153644484,0.320382002148739,1.84203355383015,1.37765393059294
21014,59,0.71332583539359,0.453139064553952,2.04076724041915,1.57324295363205
21015,60,-0.256003388186446,-0.321731335854929,0.774139345859366,0.724892916906496
21016,61,0.932386283816102,0.5738456789939,2.54056445778529,1.7750803313358
21017,62,-0.479917271759889,-0.50370836149488,0.618834584784678,0.60428559010637
21018,63,1.00037417638113,0.683717254249095,2.7192991356308,1.98122879203219
21019,64,0.919150328822756,0.69027455804259,2.50715922374009,1.9942629990295
22001,65,-0.378420312909504,-0.410145523652909,0.684942549959393,0.66355368035443
22002,66,-0.215463941206718,-0.223636425314287,0.806167339155453,0.799605797953888
22003,67,-0.193408772866677,-0.267275262689678,0.824145017153144,0.765462339240999
22004,68,-0.763164150454851,-0.742879531630373,0.466188998707534,0.475742027056055
22005,69,-0.188195833906832,-0.219955270702691,0.828452452265336,0.802554694867204
22009,73,-0.448578203269427,-0.449110686818905,0.63853537403317,0.638195454959427
23001,77,0.415271152146516,0.243573287521125,1.51478142124495,1.27579981462041
23011,78,-0.0343905829732187,-0.151369230457726,0.966194051983485,0.859530275304647
23023,79,-0.985874369431049,-0.793876331722282,0.37311284580191,0.452088947627997
23024,80,-0.492497611917544,-0.505798831930669,0.611098200413201,0.603023668410036
23025,81,-0.585590836504864,-0.606333229199912,0.556776800552216,0.545346869376851
24001,82,0.915566132546516,0.730550313598383,2.49818915782764,2.07622286702187
24002,83,0.405091045306014,0.183771402885955,1.49943901072593,1.20174107715237
24003,84,0.22053024651105,0.162757504426077,1.24673763363156,1.17675129810537
24004,85,0.114134003816194,0.119301285603182,1.12090232000903,1.12670932845572
24005,86,0.828600517392298,0.624228188696486,2.29011152531749,1.86680458039163
24006,87,-0.729038809010328,-0.660966901009675,0.482372419355657,0.516351831938204
24007,88,0.934611471114938,0.768758854050134,2.54622398396628,2.15708733145707
24008,89,-0.0204227780400914,0.00280278088140476,0.979784354421389,1.00280671234389
25001,90,0.576918104272538,0.573678580042647,1.78054251980354,1.77478374205461
25002,91,1.23501081355388,0.859682463630822,3.43841570199754,2.3624104233647
25003,92,1.06087514797568,0.699877663979444,2.88889809663143,2.01350636804626
25004,93,0.485936820188302,0.310941935685655,1.6256972817185,1.36470997793643
25005,94,0.479165630809267,0.28630930655322,1.61472656187818,1.33150423455138
25006,95,0.188449414312345,0.0596738696498599,1.20737600549631,1.06149030588351
25007,96,0.0754957002683412,-0.0643785503181318,1.07841859079753,0.937649984639487
25008,97,-0.258114917581814,-0.26129835739251,0.772506452432404,0.770051134889093
25009,98,-0.487335289032254,-0.480244386427054,0.614261043422746,0.618632188020726
25010,99,-0.416703607382359,-0.409775464456221,0.659216277829551,0.66379927993673
25012,101,1.00650090927117,0.676215029659873,2.73601069644263,1.96642078462403
25014,103,0.63622590078891,0.550190701562777,1.88933686190957,1.73358358344527
25015,104,0.714254417207415,0.440201112507911,2.0426631398775,1.55301951875679
25016,105,0.744778872965942,0.421998209229117,2.1059756953295,1.52500579374486
26001,106,0.531881964384417,0.284701295118438,1.70213264923386,1.3293648810302
26002,107,0.274101614855577,0.176108860516557,1.31534845439131,1.19256787513951
26003,108,0.502901042534488,0.317863615098723,1.65351122580632,1.37418882983855
26004,109,0.491360723626362,0.376056052997783,1.63453886306011,1.45652877428712
26005,110,0.0388046998551731,0.044937509485248,1.03956743615236,1.04596249513167
26006,111,0.661866211397488,0.506989508280761,1.93840643719927,1.6602853883437
26007,112,-0.0730984377772974,-0.179961403862925,0.929509326690077,0.83530245023699
26008,113,0.441199249752795,0.219006551185205,1.55457041925751,1.24483943183449
26009,114,-0.123513451654937,-0.154886629506147,0.883809752460296,0.856512275199132
26010,115,0.546955943810097,0.472438314953146,1.72798492054978,1.60390024313835
26011,116,-0.111328136211124,-0.160014163894175,0.894645135294037,0.852131719377239
26012,117,0.493287116967672,0.251604427114965,1.63769066267022,1.28608719542715
27001,118,0.523644016228943,0.342376982132428,1.68816816702941,1.40829109803788
27002,119,-0.0872736706066648,-0.0934822676409265,0.916426262380684,0.910754167102932
27003,120,0.543491324120378,0.337424145510694,1.72200846901458,1.40133330693796
27004,121,0.641880535587243,0.455743659181386,1.9000506345629,1.57734595478458
27005,122,0.320679108058561,0.129884363052773,1.37806330052751,1.13869670030082
27006,123,0.276161945919932,0.0742987831417619,1.31806130139416,1.07712858528543
27007,124,0.365495864763529,0.263884377019086,1.44122848541464,1.30197764906083
27008,125,0.282343711582125,0.15718289090446,1.32623448380935,1.17020961502579
27009,126,0.930338263145592,0.711545848531739,2.53536665368291,2.03713793256151
27010,127,0.989098481566405,0.659639175217362,2.68880936816562,1.93409433931306
28001,128,1.33884089152763,1.00715386264306,3.8146193841964,2.73779776722586
28002,129,0.956440951116918,0.672721841961234,2.60241783935677,1.95956369125865
28003,130,1.52202469615515,1.08808577809216,4.58149193992083,2.96858609773331
28004,131,1.57663693885386,1.12174365397324,4.83865572244317,3.07020291029394
28005,132,1.28998152717166,0.902736876079957,3.63271944853021,2.46634396030477
28006,133,1.21608734267268,0.850318364860622,3.37396072197263,2.34039183185133
28007,134,1.36372027975024,0.941631322772907,3.91071522690167,2.56416098249742
29001,135,0.696720654092754,0.415248355535191,2.00715973200305,1.51474688975525
29002,136,-0.218606361365887,-0.192424456909562,0.803637998863583,0.824956635623481
29003,137,0.0318561231844123,0.038949021799796,1.03236896066074,1.03971747937332
29004,138,0.785179879650504,0.425376436720728,2.19280134559912,1.53016632205362
29005,139,0.176524881904757,0.0255760497665486,1.19306411209789,1.02590592320978
29006,140,0.802433646649986,0.530025597984603,2.23096370460153,1.69897579841825
29007,141,0.139855588790113,0.106555811470887,1.1501076984199,1.11244001162646
29008,142,-0.102763207500523,-0.0913858681908751,0.902340615675849,0.912665474369731
29009,143,0.484241999948352,0.155339891397574,1.62294435058208,1.16805490545658
29010,144,-0.0111434967638137,-0.0571019361962168,0.98891836200869,0.944497785947589
29011,145,0.195576005835175,0.0811514583828247,1.21601121435781,1.0845351460673
29012,146,1.04960689827025,0.730971087280131,2.85652799123164,2.07709667078567
29013,147,0.442470603159754,0.272702900067179,1.55654808454576,1.31350994313244
29014,148,0.50558457102828,0.294869038238732,1.65795442936084,1.3429504720102
29015,149,0.286073156104725,0.0762991319296981,1.33118983635331,1.07928537459172
29016,150,0.129990321983639,0.0245689582154581,1.13881736177823,1.02487326210172
29017,151,0.488255109405371,0.316922984274322,1.62947049020128,1.37289683320785
29018,152,1.07801468511945,0.728176962988635,2.93883923428654,2.0713011050581
29019,153,0.806654210492597,0.538848183887424,2.24039952758719,1.71403147569109
29020,154,0.807463508585032,0.455462293229122,2.24221341253897,1.57690220576882
29021,155,-0.127789534978573,-0.112425283744404,0.880038576993089,0.893664115850626
29022,156,-0.104699657131169,-0.204165433053273,0.900594969247588,0.815327477915609
29023,157,0.0019919533694534,-0.0111463726333211,1.00199393862653,0.988915518012617
29024,158,0.36288190041902,0.191424741552294,1.43746608507396,1.21097369371013
29025,159,0.790972025241212,0.46663895737919,2.20553922445691,1.59462557167775
29026,160,0.37640008282081,0.399020195953553,1.4570299498283,1.49036371761988
29027,161,0.711619188406707,0.413159805422021,2.03728734148152,1.5115865663629
29028,162,0.542346630305851,0.366876252860231,1.72003842433563,1.44321931380231
31001,163,-0.605797643071201,-0.407307942788425,0.545639027826448,0.665439241531329
31002,164,-0.303390645781238,-0.186481666773658,0.738310622098757,0.829873776075656
31003,165,-0.597995908281828,-0.35053249275189,0.549912607804409,0.7043129483075
31004,166,-0.160807544984569,-0.0383408628287324,0.851455922302319,0.962384843756146
31006,167,-0.376163039086309,-0.19607063800586,0.686490399150312,0.821954171423897
31007,168,-0.758612469980225,-0.423299834773253,0.468315778609866,0.654882247201518
31008,169,-0.395071636795455,-0.213995803847352,0.673631780698259,0.807351772786853
31009,170,-0.442502262055693,-0.276364294850062,0.642426887761077,0.758536549463603
31010,171,-0.47015846352687,-0.300907064144425,0.624903236065672,0.740146555703862
31011,172,-0.524057420855959,-0.293257598341798,0.592113214983689,0.745829991380569
31012,173,-0.107052010187808,-0.075690663522267,0.898478941716565,0.927102948967882
31013,174,0.793311263994073,0.598893758153647,2.21070454638692,1.82010421084157
31015,175,0.296530980497841,0.300011862453574,1.34518423382896,1.34987482030842
31016,176,0.178973136103558,-0.026800819609318,1.19598861482203,0.973555135305977
31017,177,0.482032781854214,0.273682044375543,1.61936287014934,1.31479668876927
31018,178,1.26194556947667,0.87910785495427,3.53228711641709,2.40874979334812
31019,179,0.078904741009015,0.011323994800651,1.08210123728851,1.01138835393452
31020,180,0.284932499156013,0.252850855313718,1.32967227109165,1.28769121021055
31021,181,0.127633408515855,0.0954143918348735,1.13613642840595,1.10011463920689
31022,182,-0.222818480216037,-0.228508143907124,0.800260099151606,0.795719816909812
31023,183,0.5129716487438,0.401795739395261,1.67024721556254,1.49450603279069
31024,184,-0.0628799927375203,-0.0174227398395801,0.939056160486516,0.982728158467304
31025,185,0.377203612662974,0.242363360955036,1.45820118737305,1.27425712399108
31026,186,0.207787539154374,0.15624974724496,1.23095161274399,1.16911815066896
31027,187,0.450221320283992,0.28412416320137,1.56865932320134,1.3285978834786
31028,188,-0.22923962280033,-0.180440841083651,0.795137977486408,0.834902071137773
31030,189,-0.451143152738348,-0.277422188136782,0.636899661721144,0.757734523044174
31031,190,-0.207681579306374,-0.173661138480097,0.81246570141985,0.840581690192232
31032,191,0.547830791262737,0.332893395761963,1.7294973052122,1.39499857778237
31034,192,0.0718426810626386,0.159215553173852,1.07448629372481,1.17259067508318
31035,193,0.838257003062372,0.634060886740584,2.31233307279655,1.88525084579868
31036,194,0.786392986811341,0.62465045220275,2.19546306276141,1.86759303029435
31037,195,0.833762829623477,0.618318892952889,2.30196436375919,1.85580561012148
31038,196,-0.0947502997808579,0.0790573292635358,0.909600033441402,1.08226636582554
31040,197,-0.277196709900484,0.0378708305836885,0.757905394951237,1.03859706923655
31041,198,0.480766370226893,0.426167931325852,1.61731338819953,1.53137791986578
31042,199,0.294490737115585,0.219402467870501,1.34244252842218,1.24533238211325
31044,200,1.02782885153067,0.903935518131293,2.7949909020763,2.46930199634769
31045,201,0.516544155864997,0.407411845899328,1.67622485685972,1.50292295087309
31046,202,0.721527264871358,0.549953611244852,2.05757327155906,1.73317261628242
31047,203,0.359717606870997,0.323698138761883,1.43292470932775,1.38223000247869
31048,204,0.539732731995385,0.501834878197742,1.7155482897385,1.65174925055145
31052,207,-0.0559433700741475,-0.0434633743776159,0.945592683217729,0.957467621296326
31053,208,-0.160971991059569,-0.124516067205823,0.851315915229983,0.882924075129581
31055,209,-0.16744888210727,-0.160325757075335,0.845819852712283,0.851866242306601
31057,210,-0.526181896762227,-0.412899205104809,0.590856620000183,0.661728978369526
31058,211,-0.274699784770462,-0.223825297344641,0.759800192577526,0.799454789044474
31059,212,0.316783373942983,0.349910243282427,1.37270517600504,1.4189401834641
31060,213,0.502637361742763,0.294191262502109,1.65307528413442,1.34204056115737
31061,214,0.0291488612824659,0.0458326001218252,1.02957784734689,1.04689914549822
31062,215,0.741288445597993,0.53939150361821,2.09863775385206,1.71496299584475
31064,216,0.190728882643237,0.13064092171885,1.21013131999734,1.13955851712385
31065,217,0.187215792127447,0.150583705090688,1.20588747799946,1.16251260925404
31066,218,-0.0715748723477394,0.0594998038472924,0.930926574327278,1.06130555280156
31067,219,0.400771736633608,0.253245099819342,1.49297643777422,1.28819897548038
31068,220,0.221174387301751,0.159221024760365,1.24754096689877,1.17259709103205
31070,221,0.0980104728862096,-0.0100241375895491,1.10297433637274,0.990025936621059
31071,222,0.0214224045233018,-0.0395058973934638,1.02165351157033,0.961264285020171
31072,223,0.458954873385927,0.182824658267005,1.58241929194659,1.20060387365979
31073,224,0.498415645113688,0.215179936452094,1.64611117930024,1.24008501338968
31074,225,0.268360437545309,0.0970303268589479,1.3078184419413,1.10189379009185
31075,226,0.29555023309029,0.101658961832837,1.34386559461065,1.10700587608931
31076,227,-0.146285958149514,-0.107533450845572,0.863910625575564,0.898046481534188
31077,228,-0.319892446141287,-0.234905148348203,0.726227141404765,0.790645840136116
31078,229,-0.401404805550204,-0.325381506928579,0.669379037836081,0.722251757024922
31079,230,0.0733136016335175,0.108799629012212,1.07606794067072,1.11493892654434
31082,231,-0.485418012071806,-0.405286400290645,0.615439881687611,0.666785815857809
31083,232,0.0694090290669708,0.008575111346409,1.07187454734171,1.008611982931
31084,233,0.365519478731668,0.151457317263181,1.44126251894001,1.16352863816315
31086,235,-0.289872695041689,-0.0686129128489199,0.748358831304485,0.933688028776028
31087,236,-0.471590366362321,-0.304908794263251,0.624009075678242,0.737190607338033
31088,237,-0.184226416009257,-0.0875991777209856,0.831747461564667,0.91612800765718
31089,238,-0.345809982402792,-0.184034175358573,0.707646939703072,0.831907372608093
31090,239,0.198131316100927,0.240448440275431,1.21912247372068,1.27181935748289
31091,240,0.205870038972706,0.0681914976570744,1.22859352434292,1.07057030055469
31092,241,-0.622232505456251,-0.51064739531235,0.536744813284745,0.600106946602365
31093,242,0.0167170997295711,-0.0246611822662142,1.01685761233703,0.975640420310337
31094,243,0.362695663501575,0.265273806665498,1.43719840074847,1.30378791273118
31095,244,0.325859416669757,0.216303101644544,1.38522061625626,1.24147861618897
31096,245,0.0482665618666737,0.0866722223384062,1.04945036149066,1.09053916675114
31097,246,0.617957104647065,0.439417201955842,1.85513432279312,1.55180256742129
31098,247,0.167448809344006,0.132183183430069,1.18228476670304,1.14131737055002
31099,248,0.226636908923871,0.14562671215296,1.25437433311849,1.15676430139119
31100,249,-0.236291030163433,-0.188707419742269,0.789550857377589,0.828028736118254
31101,250,-0.0845200677444571,-0.103040168778057,0.918953213873529,0.902090736871135
31102,251,0.139290102171131,0.148422054405526,1.14945751175931,1.16000237717565
32001,252,-1.62752284999878,-0.625884206630141,0.196415522706968,0.534788355992789
32002,253,-0.233817845289025,0.113900182410643,0.791505979308059,1.12064025969193
32003,254,-0.724010878509956,-0.0260270078517795,0.48480386179502,0.974308775266414
32004,255,-1.108850850013,-0.331070599243737,0.329937891433233,0.718154466088604
33001,256,0.329173296251273,0.387182885956586,1.38981868508766,1.47282582580367
33002,257,0.780073114836273,0.66956367147238,2.1816317693167,1.95338481714253
33003,258,0.477183244912526,0.589098601874483,1.61152872143897,1.80236303628866
33004,259,0.588433948321343,0.462786327928544,1.80116548731422,1.58849388937172
33005,260,1.03998011097761,0.806254236086157,2.8291607445506,2.23950360430109
33006,261,1.32859677446235,1.09611468474991,3.77574145170428,2.99251653749821
33007,262,1.08111961150392,1.13879357364111,2.94797829447721,3.12299842394776
33008,263,1.19871573991771,0.929472692554859,3.31585576590663,2.53317306436091
33009,264,0.165764982260184,0.430304614146364,1.18029567870216,1.53772586526469
35011,265,0.643036515706003,0.767180657991215,1.90224832531977,2.15368570965091
35012,266,0.539866993908333,0.382194514154678,1.71577863799678,1.46549711734362
35013,267,0.323966486261431,0.166647162819332,1.38260097021556,1.1813373720172
35014,268,1.00607641908103,0.759674580495493,2.73484953321052,2.1375804969158
35015,269,0.685726249899513,0.455315730339554,1.98521307291928,1.57667110736061
35016,270,0.734263729108976,0.536044177855386,2.08394707794599,1.70923205304378
35021,271,-0.368092571455671,-0.328157486723125,0.692053114359176,0.720249581026645
35022,272,-0.30003140064625,-0.296651594394076,0.740794958876055,0.743302938164276
35023,273,-0.338414868510871,-0.258382357313285,0.712899466998863,0.772299881138123
35031,274,0.35645613105233,0.260425454497792,1.42825887293056,1.29748198880076
35032,275,0.424244358610462,0.32060432491134,1.52843503441667,1.37796024847016
35033,276,-0.332507654010603,-0.27871637425788,0.717123179974557,0.756754507838799
35041,277,1.24582783890345,1.06827820000854,3.47581102023236,2.91036411855973
35051,278,0.413232789364686,0.231681017405867,1.51169689193614,1.26071751773829
35052,279,-0.166559399043873,-0.117739293131825,0.84657252984311,0.888927771983357
35061,280,0.424252536099743,0.452774155370848,1.52844753322889,1.57266896756378
35062,281,-0.110150034158763,-0.0578633073784987,0.895699739657869,0.943778946238285
35063,282,-0.294628622062624,-0.0687815078276148,0.744808141421014,0.933530626931661
35064,283,0.742858228501557,0.616569131208357,2.10193474662324,1.85256123173196
35065,284,-0.367920739396693,-0.22936030289797,0.692172041488192,0.795042025947485
35071,285,-0.0360105259723961,0.0989066254248675,0.964630139759461,1.10396321265017
35072,286,0.227983323525592,0.550540924028211,1.25606437853222,1.73419082969134
35073,287,-0.00295725128762899,-0.0158453963569804,0.997047117072786,0.984279481486213
35074,288,-0.514663922508618,-0.235302187954839,0.597701434866229,0.790331984733396
35081,289,0.0493032190966168,0.0681700847980528,1.05053884589049,1.0705473768292
35082,290,0.0694845724138686,0.0546150199859187,1.07195552339104,1.05613394593947
35083,291,0.400215326011233,0.216241400776592,1.4921459608898,1.24140201824391
35091,292,-0.412890881073888,-0.34145100925626,0.661734486644929,0.710738286364207
35092,293,-0.0325965006154099,0.0910501984849489,0.967929039576313,1.09532398748314
35093,294,-0.783400684421278,-0.394364800247638,0.45684976477541,0.674108096579533
35094,295,-0.265445392155276,-0.0572782548026521,0.766864318549882,0.944331268094719
35095,296,-0.121813097180132,-0.0484367504104001,0.88531382068996,0.952717596397173
35101,297,0.474652565909015,0.451674665318622,1.60745561557561,1.57094078391296
35102,298,0.258298188633992,0.329044649180491,1.29472483329822,1.38963990048521
35103,299,-0.579004021383463,0.045956237614872,0.560456291160298,1.04702858948594
35104,300,0.334132418630636,0.38501651559723,1.39672808414972,1.46963859319979
35111,301,-0.389362118571272,-0.359531920495155,0.677488894278649,0.698002970502098
35112,302,-0.285541739734776,-0.327880824841233,0.751606968648077,0.720448874198305
35113,303,-0.0476522818972688,-0.0285845124129017,0.953465266576968,0.971820159808888
35114,304,-0.349302677227101,-0.358265698574615,0.705179656141777,0.698887356960547
35115,305,0.00422388854571937,-0.128003411307511,1.00423282173611,0.879850377699323
35121,306,0.341246679672993,0.527455138910498,1.40670020241216,1.69461425864176
35131,307,0.133957622507159,0.0550003147748859,1.14334436655029,1.056540947248
35132,308,0.486706297710103,0.317382076806012,1.62694870064165,1.37352726459285
35133,309,-0.201528113056688,-0.159581728957297,0.817480595358732,0.852500290589311
35141,310,-0.115858406473751,0.0258594901050103,0.890601317751245,1.02619674754561
35142,311,-0.466379024690321,-0.304278685464388,0.627269488361395,0.737655264002908
35143,312,-0.100048865526971,-0.0614213655172675,0.90479320375899,0.94042689281426
35151,313,-0.439862777782816,-0.339178123148482,0.64412480325265,0.712355550774221
35152,314,-0.206327106356852,-0.209917235593496,0.813566909844993,0.810651336270533
35153,315,-0.302108775157857,-0.298255729765598,0.739257647648592,0.742111535470494
35154,316,-0.0917949227124662,-0.122919177969175,0.912292220776479,0.884335133433985
35155,317,0.777449438398058,0.666442995332499,2.17591537570945,1.94729843750094
35156,318,-0.0514071388424936,-0.0953112493532198,0.949891853923836,0.909089936774252
35157,319,-0.305366023746209,-0.271627726176285,0.736853619104147,0.762137932287132
35161,320,0.0301933576841501,0.325457444577827,1.03065379951997,1.38466390812543
35162,321,0.566850198716601,0.67382252487603,1.76270612411136,1.96172173697823
35163,322,0.605767400487716,0.696558393698682,1.83265805207739,2.00683407589523
35171,323,0.341788734041028,0.406721200378821,1.40746291709913,1.50188532222744
35172,324,0.0455866822472237,0.0976160297650275,1.04664172593877,1.10253936152497
35173,325,0.125714781098822,0.331575418652496,1.1339586957018,1.39316121265767
35174,326,0.56706587163113,0.523818778786419,1.76308633307752,1.6884632213972
41001,327,0.80654638690394,0.73559401974853,2.24015797269299,2.08672117800767
41002,328,0.319354945224383,0.515315709785983,1.37623972794179,1.67416696926753
41003,329,0.228733644382264,0.227617178956359,1.25700718349164,1.25560456156629
41004,330,-0.589139526094271,-0.484389604658952,0.554804474173342,0.616073130187019
41005,331,-0.162865511455209,0.119873781135954,0.849705456380881,1.12735454918837
41006,332,-0.408854671218909,-0.340790826265998,0.664410783315511,0.711207658610131
41007,333,-0.829705432419182,-0.505529887305127,0.436177751224794,0.603185870195401
41008,334,-0.896330900092156,-0.677894710161662,0.408064144471981,0.507684691485241
41009,335,-0.183989598248864,-0.13524120739555,0.831944457460871,0.873505190363318
41010,336,-0.599132182475273,-0.365219634220855,0.549288111166409,0.69404419827996
41011,337,0.115232362720949,0.141780907821449,1.12213414942514,1.15232415566875
41012,338,-0.116332627245666,-0.0678433279939022,0.890179076232635,0.934406857506659
41013,339,0.191450786364254,0.101764177870388,1.21100523370299,1.10712235698886
41014,340,-0.460370060536868,-0.421085875556992,0.631050075562329,0.65633373596385
41015,341,0.246270445648935,0.0891996661703193,1.27924549314094,1.09329892934497
41016,342,-0.201738013453616,-0.0641965740673121,0.817309023864377,0.937820630194521
41017,343,0.291855022436823,0.290584441573822,1.33890889181924,1.33720878009742
41018,344,-0.054436593868978,-0.0181604938041451,0.947018553736697,0.982003414246638
41019,345,0.3041377191197,0.316476278816598,1.35545571540402,1.37228368965704
41020,346,-0.16248070428889,-0.0693434488083452,0.850032492048556,0.933006185182078
41021,347,0.338087116706664,0.221102356497092,1.40226265858906,1.24745110875539
41022,348,0.17513185889136,0.227945857158169,1.19140330337423,1.25601731924428
42001,349,-2.03489717730295,-1.65905423378365,0.130693920114522,0.190318892189289
42002,350,-2.05889464249502,-1.82224544522622,0.12759492998828,0.161662339148245
42003,351,-1.1908957754664,-1.10879981026898,0.303948872141212,0.329954731808515
42004,352,-1.37758135802505,-0.998771996584054,0.25218776794755,0.368331475875132
42005,353,-0.471652644809629,0.0894108924740236,0.62397021457202,1.09352988722799
42006,354,-1.32458971612172,-0.767998838846562,0.265912036132586,0.46394055979751
42007,355,-0.822844947407641,-0.545146647073365,0.439180430289737,0.579756757473855
42008,356,-0.898735666610782,-0.847942199308474,0.40708402443216,0.428295372265917
42009,357,-0.658235889091625,-0.593084305107182,0.517763922285254,0.552620204191048
42010,358,-1.28042277985937,-1.2488827995382,0.277919776727491,0.286825059016754
42011,359,-0.0042148804996397,0.0109801376520337,0.995793989642601,1.01104064060427
42012,360,-0.637396276363211,-0.449103645772156,0.528667136700308,0.63819994853928
42013,361,-1.09258664627104,-0.85063277839978,0.335347944366252,0.427144558564287
42014,362,-0.490462533493412,-0.533476198712194,0.612343099479853,0.586562414062215
42015,363,-0.548154747805931,-0.374225734291889,0.578015411132662,0.687821629374898
42016,364,-1.24570557513099,-1.08471273705475,0.287737815843657,0.337998866500098
42017,365,-1.43543113529323,-1.13334739714952,0.238012726204382,0.321953743607564
43001,366,-0.542919266570731,-0.379015326028759,0.581049535591629,0.684535121380927
43002,367,-0.477064217608386,-0.413588660768116,0.620602674394251,0.661272902817818
43003,368,0.062200392262157,-0.0564965022562677,1.06417557591337,0.945069790101301
43004,369,-1.18873654709431,-0.863502999302203,0.304605876225274,0.421682339121524
43005,370,-0.875420029250726,-0.647544213469444,0.41668696220393,0.523329385237014
43006,371,-0.388911661717028,-0.167299877496241,0.677794142540175,0.845945893160508
43007,372,-0.196709610420354,-0.0820175065637203,0.821429133142732,0.921255830531275
43008,373,0.252501694202212,0.292112624528067,1.28724167700064,1.33925384197779
43009,374,-0.287511823179503,-0.0955257711549102,0.750127697824131,0.9088949380796
43010,375,-0.0140837236785401,0.0854845419222965,0.986014988005062,1.08924472358435
43011,376,-0.328962300312832,-0.42072816508685,0.719670147575088,0.656568555409295
43012,377,-1.115561840074,-1.03234432093202,0.327731094700903,0.356171001939123
43013,378,-1.25650091290474,-1.17103297787551,0.284648295145254,0.310046504612346
43014,379,-1.48880118666937,-1.36495994377108,0.225642997295534,0.255390905779778
43015,380,-1.90763611545238,-1.69036601564325,0.148430845592249,0.184451999319021
43016,381,-1.56598959292895,-1.47200848584743,0.208881203499491,0.229464146554907
43017,382,-0.963477212403219,-0.982138630879547,0.381563798182341,0.374509304622508
43018,383,-1.37387474256697,-1.24128021923103,0.253124265572638,0.289013979741687
43019,384,-0.758130621140635,-0.690133424115189,0.468541490399465,0.501509151187169
43020,385,-1.15473227973268,-1.16726577972054,0.315141895483162,0.311216714053956
43021,386,-1.18613731535079,-0.781787932316515,0.305398647339612,0.457587144640752
43022,387,-0.176252284038955,-0.167708549590498,0.838406440090712,0.84560024931303
43023,388,0.130504426506486,0.100972499170461,1.1394029834571,1.10624621865641
43024,389,-0.191211161636434,-0.263899480264989,0.825958159058983,0.768050740033423
43025,390,-0.285351948201968,-0.266070444291247,0.751749630824334,0.766385138141542
43026,391,-0.400594631866616,-0.324939711571505,0.669921570860195,0.722570914993877
43027,392,-0.67141667044838,-0.527319515968278,0.5109841686119,0.590184832352964
43028,393,-1.11540019604648,-1.07619572128391,0.327784074756834,0.340889902198741
43029,394,0.0605616328843255,0.0169286216929941,1.06243307636738,1.0170727228052
43030,395,-0.388177927157741,-0.357597228730718,0.678291646022067,0.699354698267339
50009,396,0.104324561886807,-0.120378278284882,1.10996064738204,0.88658499742423
50010,397,-0.130140515533732,-0.187644935104398,0.87797205354084,0.828908971465557
50011,398,-0.537308512451599,-0.645625538263342,0.584318824678892,0.524334448239495
50012,399,-0.0321354476867772,-0.245799268247032,0.968375408986773,0.782079197298514
50013,400,-0.365826458401911,-0.379149092908221,0.693623163237764,0.684443559377975
50014,401,-0.138266046708104,-0.202209233685957,0.870866969632245,0.81692398204313
50015,402,-0.240183075082397,-0.299703555856301,0.786483862287769,0.741037864459232
50016,403,-0.291677603652467,-0.34478214513644,0.747009330235317,0.708374659523827
50017,404,-0.288678703790807,-0.287082257430511,0.74925289884978,0.750449996209704
51001,405,0.082617221015861,0.120226084773822,1.0861259827683,1.12775179026784
51002,406,0.352967358611962,0.173675415648348,1.42328468468769,1.18966935508847
51003,407,-0.259121843370563,-0.180191893722494,0.771728987254033,0.835109943678794
51004,408,-0.0373380042462585,0.000269444650846085,0.963350463765577,1.00026948095432
51005,409,0.0438055874301009,-0.0263730105417321,1.04477921693026,0.973971720123683
51006,410,-0.129174769276166,-0.142562385168016,0.878820361324896,0.867133456338452
51007,411,0.312764768884698,0.386271001760391,1.36719988524469,1.47148339137476
51008,412,0.0144224816277082,0.126113412477466,1.01452698742241,1.13441081732894
51010,414,-0.224457098025073,-0.146037715598511,0.798949852491206,0.864125111574269
51011,415,0.280986624333187,0.200142834729894,1.32443588860362,1.2215772293532
51012,416,0.236304661760825,0.279065524787,1.26656012383008,1.32189395785185
51013,417,-0.0191321089013836,-0.109448429302447,0.981049748276968,0.896328387450397
51014,418,0.0353589725360414,-0.013601154402122,1.03599153456649,0.986490923371017
51015,419,-0.174070584963278,-0.0447930612368903,0.840237587425998,0.95619533524059
51016,420,-0.245719465867831,-0.137011691120548,0.782141611569552,0.871960031882673
52001,421,0.42111345726637,0.222674523284016,1.52365713857628,1.24941385243282
52002,422,-0.0875372602232556,-0.199743382089082,0.916184733767165,0.818940881013584
52003,423,-0.0287159261437299,-0.117515689048593,0.971692457687083,0.889126562087182
52004,424,-0.275763106053059,-0.386273773726088,0.758992710244894,0.679584447843394
52005,425,0.0339290737518536,-0.0928499507993896,1.03451123012577,0.911330234410627
52006,426,-0.198701879556553,-0.186953413948089,0.819794254333248,0.829482377794433
52007,427,-0.210116198960965,-0.185620233589219,0.810490062395154,0.830588964884723
52008,428,-0.180791649363435,-0.187926211076488,0.834609231946618,0.828675852075812
52009,429,0.0433167639384141,-0.0245352088775425,1.04426862910922,0.975763332781896
52010,430,0.026570153093792,-0.0458544412777409,1.02692628679087,0.955180986996326
52011,431,0.162810827006488,-0.0229452099724245,1.17681404719404,0.977316029478583
52012,432,0.0246456616810531,-0.0211374381385185,1.02495187644768,0.979084391785695
52013,433,0.17977575429299,0.0527122149654495,1.19694892236724,1.05412623970737
52015,435,0.0603534489749323,-0.0406418805407676,1.06221191791769,0.960172924992945
52016,436,0.679669074472752,0.43858844879052,1.97322463377062,1.55051703889808
52017,437,0.143853131253401,-0.0240892429042429,1.15471450459849,0.976198587073398
52018,438,-0.11754815359842,-0.174058366405699,0.889097697462146,0.840247853980061
53001,439,0.601450467074219,0.365614487178585,1.82476364137948,1.44139945755859
