supplement_id,title_pt,what_it_contains,source_files
S1,"Limiares alternativos de exclusão de regiões de saúde (0, 10, 20, 30 e 50 casos)","Efeito da regra de número mínimo de casos sobre o gradiente de letalidade. Para cada limiar: número de regiões retidas e excluídas, percentual de casos e percentual de pessoas-ano em cada braço, letalidade e incidência dos dois braços, letalidade do primeiro e do último quintil de H com intervalo exato, razão Q5/Q1, correlação de postos entre H e letalidade, e ajuste hierárquico binomial sem qualquer exclusão. Documenta que a retenção por massa de casos (96,4%) e por pessoas-ano (76,8%) não são a mesma coisa e que as regiões excluídas têm H mais alto, não mais baixo.",data/results/exclusion_sensitivity/exclusion_by_threshold.csv; data/results/exclusion_sensitivity/gradient_by_threshold.csv; data/results/exclusion_sensitivity/gradient_summary_by_threshold.csv; data/results/exclusion_sensitivity/hierarchical_model_fits.csv; data/results/exclusion_sensitivity/exclusion_sensitivity_report.json
S2,"Completude dos campos por variável, por ano, por macrorregião e por região de saúde","Completude de cada campo analítico decomposta nos quatro estados de decodificação (válido, ignorado, ausente, inválido), com intervalo exato: no total, por ano de 2007 a 2025, por macrorregião, por região de saúde e por quintil de H. Inclui a correlação de postos entre completude e exposição, o gradiente de letalidade sob restrição progressiva a regiões bem registradas e os limites adversariais do gradiente — todo desfecho não registrado do estrato de detecção ampla contado como óbito e todo desfecho não registrado do estrato de detecção restrita contado como sobrevivência.",data/results/data_quality_record/completeness_overall.csv; data/results/data_quality_record/completeness_by_year.csv; data/results/data_quality_record/completeness_by_macroregion.csv; data/results/data_quality_record/completeness_by_H_quintile.csv; data/results/data_quality_record/region_completeness.parquet; data/results/data_quality_record/completeness_vs_H_spearman.csv; data/results/data_quality_record/cfr_gradient_by_completeness_restriction.csv; data/results/data_quality_record/cfr_adversarial_gradient_bounds.csv; data/results/data_quality_record/cfr_extreme_bounds.csv
S3,"Dicionário de variáveis, códigos aceitos e regras de transformação","Uma linha por variável analítica (36 no total), com sistema de origem, campo bruto, valores aceitos e seus códigos, transformação aplicada, regra de dados ausentes, regra de agregação e scripts que a consomem. Cobre SINAN-LEPT, SIM, SIH, denominadores populacionais, geografia e as variáveis derivadas (H, letalidade, incidência, fenótipo grave, quintis). Registra explicitamente as decisões discutíveis: exclusão de CLI_HEMOPU do fenótipo grave, denominador conjuntivo da gravidade, uso do município de residência e não do de notificação, e a base temporal transversal das covariáveis do Censo 2022. Acompanha o codebook do repositório e o registro de códigos não documentados e de mudança de leiaute entre os arquivos anuais.",data/results/data_quality_record/field_dictionary.csv; docs/CODEBOOK.md; data/results/00_data_quality/quality_undocumented_codes.csv; data/results/00_data_quality/schema_drift.csv; data/results/dictionary/
S4,Regiões de saúde incluídas e excluídas em cada limiar: insumo do mapa,"Tabela por região de saúde com código, nome, unidade federativa, macrorregião, casos, óbitos, desfechos conhecidos, denominador de internação, pessoas-ano, H, letalidade, incidência, completude do desfecho, anos observados e quatro indicadores lógicos de exclusão (limiares 10, 20, 30 e 50). É o insumo direto do mapa de cobertura territorial: permite desenhar quais regiões saem das análises por quintil e verificar que a saída não é aleatória no espaço. Acompanha a composição macrorregional do braço excluído e a geometria oficial das regiões de saúde.",data/results/exclusion_sensitivity/region_inclusion.csv; data/results/exclusion_sensitivity/excluded_macroregion_composition.csv; paper/figures/geo_health_region.gpkg
S5,"Especificação do modelo: prioris, hiperparâmetros e diagnósticos","Especificação completa do modelo hierárquico binomial. Prioris de complexidade penalizada: P(desvio padrão espacial > 1) = 0,01 e P(phi < 0,5) = 0,5 para o efeito BYM2, P(desvio padrão do passeio aleatório de primeira ordem > 1) = 0,01, e prioris normais N(0, 1) sobre os efeitos fixos na escala de log razão de chances por 10 pontos percentuais (precisão 0,001 no intercepto). Estimativas de todos os termos de todos os modelos com intervalo de credibilidade de 95% e escala declarada, DIC e WAIC de cada modelo, parâmetro de mistura phi, variância marginal espacial antes e depois da entrada de H, e o grafo de adjacência das regiões de saúde. As prioris estão declaradas no código (R/12_severity.R e R/03_inla_spacetime.R) e impressas na execução de 68_primary_model.R; não há arquivo de resultado que as armazene isoladamente.",data/results/primary_model/model_estimates.csv; data/results/primary_model/primary_model_report.json; data/results/primary_model/spatial_effects_A_vs_B.csv; data/results/primary_model/health_region_bym2.adj; R/12_severity.R; R/03_inla_spacetime.R; studies/leptospirosis/68_primary_model.R
S6,Sensibilidade à definição de fenótipo grave,"Repetição do contraste de incidência grave e não grave entre quintis de H sob definições alternativas de gravidade: icterícia isolada, insuficiência renal isolada, hemorragia isolada, a disjunção primária das três, a conjunção icterícia E renal (fenótipo tipo Weil) e a variante de quatro campos que inclui hemorragia pulmonar; e sob restrição aos registros com o bloco clínico inteiramente preenchido. Inclui completude do bloco clínico e distribuição do escore de gravidade. Os estratos de exposição permanecem fixos nos quintis primários de H em todas as variantes: varia-se a definição de gravidade, nunca a exposição.",data/results/construct_validity/severity_gradient_summary.csv; data/results/construct_validity/severity_incidence_by_quintile.csv; data/results/construct_validity/severity_score_distribution.csv; data/results/construct_validity/clinical_block_completeness.csv; data/results/construct_validity/total_incidence_by_quintile.csv; data/results/construct_validity/construct_validity_report.json
S7,Verificações socioeconômicas e de composição demográfica,"Covariáveis municipais do Censo 2022 por quintil de H — proporção de população com renda domiciliar per capita de até um quarto do salário mínimo, mediana de renda per capita ponderada pela população e proporção de domicílios com mais de três moradores por dormitório —, com o número de municípios por trás de cada faixa. Acompanha a padronização direta e indireta da letalidade por idade e sexo, a composição etária por quintil e a letalidade por quintil DENTRO de estratos etários amplos, que é o teste decisivo: composição entre estratos não pode produzir gradiente dentro deles. Registra a simplificação assumida — corte transversal de 2022 contra janela de desfecho de 2007 a 2025.",data/results/socioeconomic_confounders/covariates_by_depth_quintile.csv; data/results/socioeconomic_confounders/socioeconomic_confounders_report.json; data/results/case_mix/standardised_cfr_by_H_quintile.csv; data/results/case_mix/cfr_by_H_quintile_within_age_stratum.csv; data/results/case_mix/composition_by_H_quintile.csv; data/results/case_mix/case_mix_report.json
S8,Sensibilidade ao critério de confirmação laboratorial,"Repetição do gradiente de letalidade dentro de cada via de confirmação separadamente — clínico-laboratorial e clínico-epidemiológica — e reconstrução de H sobre casos exclusivamente laboratoriais, com verificação de que a ordenação das regiões se preserva. Inclui a proporção de confirmação laboratorial por quintil de H e por ano, e a série do Rio Grande do Sul, onde a proporção laboratorial cai durante a busca ativa de 2024; todas as quantidades do episódio de 2024 são repetidas no estrato exclusivamente laboratorial, onde a mudança de critério não pode operar.",data/results/construct_validity/cfr_by_quintile_by_criterion.csv; data/results/construct_validity/lab_share_by_quintile.csv; data/results/construct_validity/lab_share_by_year.csv; data/results/construct_validity/lab_share_rs_by_year.csv; data/results/construct_validity/region_H_variants.parquet; data/results/rs2024_event/rs2024_event_report.json
S9,Lista de verificação STROBE/RECORD e manifesto de reprodutibilidade,"Os 22 itens do STROBE e os 14 itens da extensão RECORD, cada um com o local exato deste estudo em que é atendido e o arquivo de resultado que o evidencia, mais o estado declarado (atendido, parcial, ainda não). Acompanha o manifesto de reprodutibilidade: todo script de análise numerado a partir de 60 com sua finalidade, entradas, saídas, sistemas de origem, janela analítica, versões de software consultadas na execução e a ordem exata de execução necessária para reproduzir cada número do manuscrito, derivada do grafo de dependências entre arquivos e não afirmada de memória.",data/results/reporting/record_strobe_checklist.csv; data/results/reporting/reproducibility_manifest.json; data/results/reporting/supplementary_inventory.csv
