onset_year,onset_month,notified,confirmed,hospitalised,hosp_known,deaths,outcome_known,lab_confirmed,crit_known,severe,sev_known,population,days_in_month,person_years,incidence_per_100k_py,incidence_lo,incidence_hi,confirmed_among_notified,confirmed_among_notified_lo,confirmed_among_notified_hi,H,H_lo,H_hi,lab_share,lab_share_lo,lab_share_hi,severe_share,severe_share_lo,severe_share_hi,cfr,cfr_lo,cfr_hi,hosp_completeness,outcome_completeness,criterion_completeness,H_worst_case_bound,month_start
2019,1,209,114,92,114,6,107,101,112,51,109,11194346,31.0,950101.9192334018,11.998712737258959,9.897458394550885,14.414119244863095,0.5454545454545454,0.4753228829714811,0.6142784556632317,0.8070175438596491,0.7225301777774428,0.8749285603078161,0.9017857142857143,0.8310606742334968,0.949944265542584,0.46788990825688076,0.37167601480306245,0.5658923073871278,0.056074766355140186,0.020853944066721718,0.11806157326441484,1.0,0.9385964912280702,0.9824561403508771,0.8070175438596491,2019-01-01
2019,2,224,114,83,113,1,108,90,113,43,111,11194346,28.0,858156.5722108145,13.284289101965276,10.957900365395625,15.95848916395557,0.5089285714285714,0.4414904634460618,0.5761272792085833,0.7345132743362832,0.6431756946490137,0.8131672504429407,0.7964601769911505,0.7104100697676028,0.8663810280647427,0.38738738738738737,0.29640937785291926,0.4845315026282293,0.009259259259259259,0.0002343966728090924,0.05051053365674625,0.9912280701754386,0.9473684210526315,0.9912280701754386,0.7368421052631579,2019-02-01
2019,3,210,85,64,84,4,78,77,85,31,85,11194346,31.0,950101.9192334018,8.946408619886066,7.146073450685813,11.062372803509641,0.40476190476190477,0.3377642560611861,0.4744880468586484,0.7619047619047619,0.6565105362606595,0.8480937199452168,0.9058823529411765,0.8229477775511406,0.9584848633199219,0.36470588235294116,0.2629357246414525,0.47619717846254156,0.05128205128205128,0.0141474308944862,0.12612763017828899,0.9882352941176471,0.9176470588235294,1.0,0.7647058823529411,2019-03-01
2019,4,169,55,37,54,2,53,47,55,27,53,11194346,30.0,919453.4702258727,5.981814390943428,4.506321234641698,7.786153654776307,0.3254437869822485,0.2554859292862927,0.4016501076339498,0.6851851851851852,0.5444760051271571,0.8047605889968085,0.8545454545454545,0.7333676840573415,0.9350485766689969,0.5094339622641509,0.36839539396820187,0.6493815602893603,0.03773584905660377,0.004603109274314916,0.1297583816630624,0.9818181818181818,0.9636363636363636,1.0,0.6909090909090909,2019-04-01
2019,5,232,97,76,94,4,89,85,97,49,94,11194346,31.0,950101.9192334018,10.209431013281746,8.279160791265449,12.454640027239485,0.41810344827586204,0.3538902342075063,0.48443693248657577,0.8085106382978723,0.7143536697685988,0.8823805098346013,0.8762886597938144,0.7938704093836051,0.934412561604836,0.5212765957446809,0.41573235264639036,0.6254437103865189,0.0449438202247191,0.012379577618021798,0.11109199724739906,0.9690721649484536,0.9175257731958762,1.0,0.8144329896907216,2019-05-01
2019,6,145,63,51,63,4,62,49,62,30,62,11194346,30.0,919453.4702258727,6.851896484171563,5.265185391447229,8.766552076538385,0.43448275862068964,0.3524510148890098,0.519246852452935,0.8095238095238095,0.6909115309144422,0.8975157564061429,0.7903225806451613,0.668179165710105,0.8833610342218976,0.4838709677419355,0.35497275682746027,0.6143608760259325,0.06451612903225806,0.017856697163650508,0.15702808403757407,1.0,0.9841269841269841,0.9841269841269841,0.8095238095238095,2019-06-01
2019,7,112,18,12,16,0,16,14,17,6,17,11194346,31.0,950101.9192334018,1.8945335900935198,1.122820674755299,2.994179854986643,0.16071428571428573,0.09812094558182918,0.24205412533063175,0.75,0.4762291801038728,0.9273379617471178,0.8235294117647058,0.565682127155716,0.962014931929374,0.35294117647058826,0.14209748311022097,0.6167163365565971,0.0,0.0,0.20590721420782268,0.8888888888888888,0.8888888888888888,0.9444444444444444,0.7777777777777778,2019-07-01
2019,8,97,16,14,15,0,15,14,16,5,15,11194346,31.0,950101.9192334018,1.6840298578609063,0.9625685695930982,2.7347589844388014,0.16494845360824742,0.09732465135421861,0.25400118661665283,0.9333333333333333,0.6805154334216966,0.9983135697586473,0.875,0.6165237631507365,0.9844863961845861,0.3333333333333333,0.11824110336688096,0.6161962674588458,0.0,0.0,0.21801936091053403,0.9375,0.9375,1.0,0.9375,2019-08-01
2019,9,103,23,17,23,0,20,18,23,12,22,11194346,30.0,919453.4702258727,2.5014860180308878,1.58572755546433,3.7534572452431982,0.22330097087378642,0.1471281871520883,0.31598269781531585,0.7391304347826086,0.5159480295975618,0.8977138660846415,0.782608695652174,0.5629692737631854,0.9253965923511963,0.5454545454545454,0.3221047545531717,0.7561381340769835,0.0,0.0,0.16843347098308528,1.0,0.8695652173913043,1.0,0.7391304347826086,2019-09-01
2019,10,108,38,34,38,4,36,35,38,15,33,11194346,31.0,950101.9192334018,3.999570912419653,2.830334420005534,5.489723561588396,0.35185185185185186,0.26240641767118617,0.44964774187382456,0.8947368421052632,0.751950620782978,0.9705654825542123,0.9210526315789473,0.7862267088193818,0.9834135241354705,0.45454545454545453,0.2810661942938162,0.6364934689851531,0.1111111111111111,0.03111613994501524,0.2606109205108292,1.0,0.9473684210526315,1.0,0.8947368421052632,2019-10-01
2019,11,149,46,35,46,2,40,37,46,23,46,11194346,30.0,919453.4702258727,5.0029720360617755,3.6628043179497274,6.673263595983049,0.3087248322147651,0.23569593914624037,0.3895414819136138,0.7608695652173914,0.6123310898859283,0.8741386051774309,0.8043478260869565,0.6608524004890015,0.9064242655785913,0.5,0.34903815242370567,0.6509618475762944,0.05,0.006113646599350841,0.16919686395941763,1.0,0.8695652173913043,1.0,0.7608695652173914,2019-11-01
2019,12,118,29,20,28,1,29,23,28,10,24,11194346,31.0,950101.9192334018,3.0523041173728926,2.044175971480887,4.383617861985937,0.2457627118644068,0.17118084987152254,0.3335224876902634,0.7142857142857143,0.5133316845510594,0.8677634874288749,0.8214285714285714,0.6310666505807963,0.9393570911807925,0.4166666666666667,0.22109690534667853,0.6335693543436376,0.034482758620689655,0.0008726468835799229,0.1776442954887229,0.9655172413793104,1.0,0.9655172413793104,0.7241379310344828,2019-12-01
2020,1,151,49,39,49,1,46,37,48,23,49,11220286,31.0,952303.5345653662,5.145418264394422,3.8066087579286307,6.802515819967456,0.32450331125827814,0.2506521120003635,0.40539870189202876,0.7959183673469388,0.6565700069535181,0.897550614504752,0.7708333333333334,0.6268797526841399,0.8796698331742165,0.46938775510204084,0.32533872511655376,0.6172692650662404,0.021739130434782608,0.0005502356948807106,0.11527182559799,1.0,0.9387755102040817,0.9795918367346939,0.7959183673469388,2020-01-01
2020,2,153,43,34,43,0,41,39,43,21,42,11220286,29.0,890864.5968514716,4.826771672369997,3.4931585924449435,6.5016297667557215,0.28104575163398693,0.2114477231580632,0.35933414873450187,0.7906976744186046,0.6395752479058333,0.8995588533220705,0.9069767441860465,0.7786465546186137,0.9740687097336765,0.5,0.3419475770509645,0.6580524229490354,0.0,0.0,0.08604383629402844,1.0,0.9534883720930233,1.0,0.7906976744186046,2020-02-01
2020,3,99,29,12,28,1,26,23,26,6,27,11220286,31.0,952303.5345653662,3.0452475442334332,2.039450073700722,4.373483445863218,0.29292929292929293,0.20573859307171544,0.39290872698476176,0.42857142857142855,0.24462393630214666,0.628206371387904,0.8846153846153846,0.6984595998924322,0.9755419246820378,0.2222222222222222,0.08621693994756673,0.42258306004437896,0.038461538461538464,0.0009732878933350311,0.19636964676253893,0.9655172413793104,0.896551724137931,0.896551724137931,0.4482758620689655,2020-03-01
2020,4,80,21,14,21,0,21,14,21,6,19,11220286,30.0,921584.0657084188,2.278685231374673,1.4105420729126474,3.4832124305738374,0.2625,0.17040925110040822,0.372850830212432,0.6666666666666666,0.4303245170958757,0.8541230576569032,0.6666666666666666,0.4303245170958757,0.8541230576569032,0.3157894736842105,0.12576063587298333,0.5655015688461509,0.0,0.0,0.1610976152190796,1.0,1.0,1.0,0.6666666666666666,2020-04-01
2020,5,49,9,3,9,0,9,7,9,2,8,11220286,31.0,952303.5345653662,0.9450768240724448,0.43214930408261065,1.7940501984187966,0.1836734693877551,0.08759033531284731,0.32022121442886853,0.3333333333333333,0.07485463141969183,0.7007049437914596,0.7777777777777778,0.39990642628368794,0.9718550265221018,0.25,0.031854026249944246,0.6508557944128242,0.0,0.0,0.3362671168799428,1.0,1.0,1.0,0.3333333333333333,2020-05-01
2020,6,40,13,8,13,1,12,11,13,8,13,11220286,30.0,921584.0657084188,1.410614667041464,0.7510929006441661,2.412194041253354,0.325,0.18572896676334985,0.49129487547844847,0.6153846153846154,0.31577760291406304,0.8614206611098394,0.8461538461538461,0.5455289443234423,0.9807933280174715,0.6153846153846154,0.31577760291406304,0.8614206611098394,0.08333333333333333,0.0021075932318602286,0.38479616515094406,1.0,0.9230769230769231,1.0,0.6153846153846154,2020-06-01
2020,7,64,10,4,10,2,10,10,10,5,10,11220286,31.0,952303.5345653662,1.0500853600804942,0.5035567465704158,1.9311443646390731,0.15625,0.07755733180012322,0.26863424426625704,0.4,0.1215522581198272,0.7376219233930549,1.0,0.6915028921812392,1.0,0.5,0.18708602844739855,0.8129139715526015,0.2,0.025210726326833386,0.5560954623076415,1.0,1.0,1.0,0.4,2020-07-01
2020,8,33,4,1,4,0,4,4,4,2,4,11220286,31.0,952303.5345653662,0.42003414403219774,0.1144451673303662,1.07545423320076,0.12121212121212122,0.0340328814229787,0.2820162285372203,0.25,0.0063094632097098705,0.8058795503167565,1.0,0.3976353643835254,1.0,0.5,0.067585986488543,0.932414013511457,0.0,0.0,0.6023646356164746,1.0,1.0,1.0,0.25,2020-08-01
2020,9,55,7,6,7,0,6,7,7,4,7,11220286,30.0,921584.0657084188,0.7595617437915576,0.3053832152964228,1.5649874925534557,0.12727272727272726,0.052735182963729504,0.24480272032202482,0.8571428571428571,0.42127680295680486,0.9963897031380994,1.0,0.5903836027749967,1.0,0.5714285714285714,0.18405156764008307,0.9010117215574921,0.0,0.0,0.45925812643990044,1.0,0.8571428571428571,1.0,0.8571428571428571,2020-09-01
2020,10,49,11,11,11,1,10,9,11,6,10,11220286,31.0,952303.5345653662,1.1550938960885435,0.5766187111489636,2.0667820499358838,0.22448979591836735,0.11774342055419093,0.3662430188592764,1.0,0.7150858470818456,1.0,0.8181818181818182,0.48224414763982737,0.9771688017000404,0.6,0.2623780766069451,0.8784477418801728,0.1,0.0025285785444617865,0.4450161170281954,1.0,0.9090909090909091,1.0,1.0,2020-10-01
2020,11,51,7,7,7,1,6,7,7,2,6,11220286,30.0,921584.0657084188,0.7595617437915576,0.3053832152964228,1.5649874925534557,0.13725490196078433,0.05701181346336882,0.262551543304546,1.0,0.5903836027749967,1.0,1.0,0.5903836027749967,1.0,0.3333333333333333,0.04327186829274169,0.7772219044964879,0.16666666666666666,0.004210744514489473,0.6412345789976748,1.0,0.8571428571428571,1.0,1.0,2020-11-01
2020,12,44,11,11,11,0,9,9,11,7,11,11220286,31.0,952303.5345653662,1.1550938960885435,0.5766187111489636,2.0667820499358838,0.25,0.13192743793364678,0.403380407735859,1.0,0.7150858470818456,1.0,0.8181818181818182,0.48224414763982737,0.9771688017000404,0.6363636363636364,0.3079047150116772,0.8907365561809019,0.0,0.0,0.3362671168799428,1.0,0.8181818181818182,1.0,1.0,2020-12-01
2021,1,58,15,10,15,1,13,13,15,7,14,11227789,31.0,952940.3394934976,1.574075456599175,0.8809980840191516,2.5961980877665067,0.25862068965517243,0.15255186836510476,0.39043166086847503,0.6666666666666666,0.3838037325411542,0.881758896633119,0.8666666666666667,0.595397303396628,0.9834240865599164,0.5,0.23036054144806237,0.7696394585519376,0.07692307692307693,0.0019456284973467495,0.3602974352678775,1.0,0.8666666666666667,1.0,0.6666666666666666,2021-01-01
2021,2,70,29,20,29,4,27,24,28,15,27,11227789,28.0,860720.3066392882,3.3692710368634717,2.2564536920687797,4.838835231064305,0.4142857142857143,0.29772096123490677,0.5383383667814586,0.6896551724137931,0.4916766461900099,0.8471540603913684,0.8571428571428571,0.6733473306842048,0.9596643692029087,0.5555555555555556,0.35326423032200543,0.7452011933682622,0.14814814814814814,0.04188739647376729,0.3373108640242444,1.0,0.9310344827586207,0.9655172413793104,0.6896551724137931,2021-02-01
2021,3,68,28,16,27,1,24,25,28,16,28,11227789,31.0,952940.3394934976,2.9382741856517933,1.952461857764023,4.246624291797475,0.4117647058823529,0.293735088694121,0.5377327396635492,0.5925925925925926,0.38798393025968186,0.7761027086494185,0.8928571428571429,0.7177356042846756,0.977334909360941,0.5714285714285714,0.3717936286120959,0.7553760636978534,0.041666666666666664,0.0010543524454697483,0.2112016834569731,0.9642857142857143,0.8571428571428571,1.0,0.6071428571428571,2021-03-01
2021,4,85,22,8,20,0,20,18,21,6,20,11227789,30.0,922200.3285420944,2.3855988031125275,1.4950420690074913,3.6118252570764353,0.25882352941176473,0.16985049116736584,0.3652356212094173,0.4,0.19119006072530725,0.6394574126925103,0.8571428571428571,0.636576012983019,0.9695110323784845,0.3,0.11893159040572772,0.5427891822762891,0.0,0.0,0.16843347098308528,0.9090909090909091,0.9090909090909091,0.9545454545454546,0.45454545454545453,2021-04-01
2021,5,42,10,8,10,2,10,7,10,6,9,11227789,31.0,952940.3394934976,1.0493836377327832,0.5032202434290122,1.9298538722573686,0.23809523809523808,0.12051618649217989,0.3945024290215759,0.8,0.4439045376923585,0.9747892736731666,0.7,0.34754714994000274,0.9332604888222655,0.6666666666666666,0.2992950562085404,0.9251453685803082,0.2,0.025210726326833386,0.5560954623076415,1.0,1.0,1.0,0.8,2021-05-01
2021,6,48,11,7,11,2,9,11,11,6,11,11227789,30.0,922200.3285420944,1.1927994015562637,0.5954411636263249,2.1342476145521734,0.22916666666666666,0.1203301668257834,0.3731202473158602,0.6363636363636364,0.3079047150116772,0.8907365561809019,1.0,0.7150858470818456,1.0,0.5454545454545454,0.23379359765934518,0.8325119059362929,0.2222222222222222,0.02814497347789821,0.600093573716312,1.0,0.8181818181818182,1.0,0.6363636363636364,2021-06-01
2021,7,46,10,8,10,1,9,6,10,4,10,11227789,31.0,952940.3394934976,1.0493836377327832,0.5032202434290122,1.9298538722573686,0.21739130434782608,0.1094817001688192,0.3636243586153967,0.8,0.4439045376923585,0.9747892736731666,0.6,0.2623780766069451,0.8784477418801728,0.4,0.1215522581198272,0.7376219233930549,0.1111111111111111,0.0028091367465992167,0.48249651491733697,1.0,0.9,1.0,0.8,2021-07-01
2021,8,49,4,4,4,1,4,3,4,3,4,11227789,31.0,952940.3394934976,0.41975345509311335,0.1143686890414992,1.0747355580358005,0.08163265306122448,0.022690880643073272,0.19601418347889,1.0,0.3976353643835254,1.0,0.75,0.19412044968324346,0.9936905367902902,0.75,0.19412044968324346,0.9936905367902902,0.25,0.0063094632097098705,0.8058795503167565,1.0,1.0,1.0,1.0,2021-08-01
2021,9,65,24,20,24,2,21,18,23,13,23,11227789,30.0,922200.3285420944,2.602471421577303,1.6674525456953964,3.872271185394964,0.36923076923076925,0.25279351516200765,0.4980006102990202,0.8333333333333334,0.6261582865113173,0.9526463733927428,0.782608695652174,0.5629692737631854,0.9253965923511963,0.5652173913043478,0.34494660745237465,0.7680858004617686,0.09523809523809523,0.011749317884445809,0.3037744069139242,1.0,0.875,0.9583333333333334,0.8333333333333334,2021-09-01
2021,10,64,14,10,13,0,12,12,14,6,13,11227789,31.0,952940.3394934976,1.4691370928258967,0.803190919629741,2.464962406179664,0.21875,0.12506827371524634,0.3396963118152601,0.7692307692307693,0.46186846076595905,0.9496189265088485,0.8571428571428571,0.571870839090301,0.9822054845168084,0.46153846153846156,0.192232441801288,0.7486545177296964,0.0,0.0,0.2646484693970512,0.9285714285714286,0.8571428571428571,1.0,0.7857142857142857,2021-10-01
2021,11,69,17,5,16,0,12,14,17,5,16,11227789,30.0,922200.3285420944,1.8434172569505893,1.0738584842257795,2.951489603016792,0.2463768115942029,0.15054965399835843,0.36490491163040417,0.3125,0.1101699547171176,0.5866206364513586,0.8235294117647058,0.565682127155716,0.962014931929374,0.3125,0.1101699547171176,0.5866206364513586,0.0,0.0,0.2646484693970512,0.9411764705882353,0.7058823529411765,1.0,0.35294117647058826,2021-11-01
2021,12,60,11,8,11,1,10,9,11,4,10,11227789,31.0,952940.3394934976,1.1543220015060616,0.576233384154508,2.0654009173085544,0.18333333333333332,0.0952358229165638,0.3043960547407762,0.7272727272727273,0.3902574404275788,0.9397822658270933,0.8181818181818182,0.48224414763982737,0.9771688017000404,0.4,0.1215522581198272,0.7376219233930549,0.1,0.0025285785444617865,0.4450161170281954,1.0,0.9090909090909091,1.0,0.7272727272727273,2021-12-01
2022,1,72,26,16,24,1,26,21,25,11,23,11220506,31.0,952322.2067077344,2.730168404859989,1.7834366452833033,4.000329280866658,0.3611111111111111,0.25116285177856135,0.4828713519029786,0.6666666666666666,0.44678038434035194,0.8436977142908647,0.84,0.6391715455407279,0.9546205476282904,0.4782608695652174,0.26819618617555346,0.694121998508626,0.038461538461538464,0.0009732878933350311,0.19636964676253893,0.9230769230769231,1.0,0.9615384615384616,0.6923076923076923,2022-01-01
2022,2,88,28,22,23,1,25,26,28,13,24,11220506,28.0,860161.993155373,3.255200790409987,2.1630572850126764,4.704671476452739,0.3181818181818182,0.222908338713868,0.42609402481233793,0.9565217391304348,0.7805133925465196,0.9988998313695585,0.9285714285714286,0.7649652268254092,0.9912295032964729,0.5416666666666666,0.328208075695178,0.7444697980052537,0.04,0.0010121996993108454,0.203516913922414,0.8214285714285714,0.8928571428571429,1.0,0.9642857142857143,2022-02-01
2022,3,177,50,41,50,2,40,45,49,26,47,11220506,31.0,952322.2067077344,5.250323855499979,3.8968915642278144,6.921897462858087,0.2824858757062147,0.21749939877445898,0.3549157379188745,0.82,0.6856305887143497,0.9142379218903364,0.9183673469387755,0.80398581652111,0.9773091193569268,0.5531914893617021,0.40115722956535715,0.6982784760239994,0.05,0.006113646599350841,0.16919686395941763,1.0,0.8,0.98,0.82,2022-03-01
2022,4,122,33,22,33,4,32,32,32,16,32,11220506,30.0,921602.1355236139,3.5807208694509858,2.464803487008392,5.028663398532439,0.27049180327868855,0.19407105238104988,0.3583898248794104,0.6666666666666666,0.4817325275124178,0.8203948650674399,1.0,0.8911188393206472,1.0,0.5,0.318874964234164,0.681125035765836,0.125,0.03513065310331142,0.2899484201907557,1.0,0.9696969696969697,0.9696969696969697,0.6666666666666666,2022-04-01
2022,5,106,26,16,26,1,20,21,25,12,24,11220506,31.0,952322.2067077344,2.730168404859989,1.7834366452833033,4.000329280866658,0.24528301886792453,0.16690639084553544,0.33838715670665265,0.6153846153846154,0.40570753529859144,0.7977397563449796,0.84,0.6391715455407279,0.9546205476282904,0.5,0.291241779836212,0.708758220163788,0.05,0.0012650894979498047,0.24873276277202777,1.0,0.7692307692307693,0.9615384615384616,0.6153846153846154,2022-05-01
2022,6,92,19,13,19,0,16,18,19,10,18,11220506,30.0,921602.1355236139,2.0616271672596587,1.2412342293312353,3.2194861999454796,0.20652173913043478,0.12916000176079406,0.30356981550575474,0.6842105263157895,0.4344984311538491,0.8742393641270166,0.9473684210526315,0.7397193458047858,0.9986683711958205,0.5555555555555556,0.3075716589987562,0.7846984926127001,0.0,0.0,0.20590721420782268,1.0,0.8421052631578947,1.0,0.6842105263157895,2022-06-01
2022,7,87,23,18,21,1,21,22,23,9,21,11220506,31.0,952322.2067077344,2.4151489735299903,1.5309972753286076,3.6239092873977756,0.26436781609195403,0.1755434998594464,0.36982389908130786,0.8571428571428571,0.636576012983019,0.9695110323784845,0.9565217391304348,0.7805133925465196,0.9988998313695585,0.42857142857142855,0.21819685688513024,0.6597936907197254,0.047619047619047616,0.0012048834483635135,0.23815990993682112,0.9130434782608695,0.9130434782608695,1.0,0.8695652173913043,2022-07-01
2022,8,72,19,13,19,2,17,17,18,6,17,11220506,31.0,952322.2067077344,1.9951230650899918,1.2011944154818406,3.1156318063988517,0.2638888888888889,0.16695395603342364,0.38102792677167624,0.6842105263157895,0.4344984311538491,0.8742393641270166,0.9444444444444444,0.7270564003266315,0.9985944438326306,0.35294117647058826,0.14209748311022097,0.6167163365565971,0.11764705882352941,0.014579316840302498,0.36440916210125024,1.0,0.8947368421052632,0.9473684210526315,0.6842105263157895,2022-08-01
2022,9,52,10,8,10,2,9,6,8,6,9,11220506,30.0,921602.1355236139,1.0850669301366624,0.5203317691324472,1.995476717463245,0.19230769230769232,0.09626757155217387,0.3253413147162303,0.8,0.4439045376923585,0.9747892736731666,0.75,0.34914420558717585,0.9681459737500557,0.6666666666666666,0.2992950562085404,0.9251453685803082,0.2222222222222222,0.02814497347789821,0.600093573716312,1.0,0.9,0.8,0.8,2022-09-01
2022,10,80,17,13,17,1,13,13,14,5,16,11220506,31.0,952322.2067077344,1.785110110869993,1.0398924229482494,2.858134213839661,0.2125,0.12893649509758176,0.318285808559656,0.7647058823529411,0.5010067267954199,0.9318922595626433,0.9285714285714286,0.6613155100681788,0.9981932193408746,0.3125,0.1101699547171176,0.5866206364513586,0.07692307692307693,0.0019456284973467495,0.3602974352678775,1.0,0.7647058823529411,0.8235294117647058,0.7647058823529411,2022-10-01
2022,11,77,19,14,19,0,16,17,19,9,18,11220506,30.0,921602.1355236139,2.0616271672596587,1.2412342293312353,3.2194861999454796,0.24675324675324675,0.15556744339731743,0.3582117319831839,0.7368421052631579,0.4879706546541273,0.9085342150923335,0.8947368421052632,0.668623335543234,0.9869878356282226,0.5,0.2601905828950971,0.7398094171049029,0.0,0.0,0.20590721420782268,1.0,0.8421052631578947,1.0,0.7368421052631579,2022-11-01
2022,12,107,24,14,24,1,21,21,24,12,23,11220506,31.0,952322.2067077344,2.5201554506399897,1.6147111499003095,3.7497915455742974,0.22429906542056074,0.14930962881134294,0.31510953758374693,0.5833333333333334,0.3664306456563624,0.7789030946533215,0.875,0.6763886418111671,0.973440685013751,0.5217391304347826,0.30587800149137395,0.7318038138244465,0.047619047619047616,0.0012048834483635135,0.23815990993682112,1.0,0.875,1.0,0.5833333333333334,2022-12-01
2023,1,113,25,17,25,1,23,23,24,9,23,11222292,31.0,952473.7905544147,2.6247441397256748,1.6985960147430472,3.874640128002765,0.22123893805309736,0.14858237646974903,0.30903147192244235,0.68,0.4649992825026276,0.8505045773864304,0.9583333333333334,0.7887983165430269,0.9989456475545303,0.391304347826087,0.1970764239690144,0.6145810426111503,0.043478260869565216,0.0011001686304415005,0.2194866074534804,1.0,0.92,0.96,0.68,2023-01-01
2023,2,127,31,22,31,2,25,24,30,11,31,11222292,28.0,860298.9075975359,3.6033987403948196,2.448334618715513,5.114736879781526,0.2440944881889764,0.17226886868282307,0.3282293168748167,0.7096774193548387,0.5196393417710907,0.857771470902475,0.8,0.6143334890033929,0.9228644879989344,0.3548387096774194,0.192267434425978,0.5463043980493616,0.08,0.009839590018797513,0.2603058421052142,1.0,0.8064516129032258,0.967741935483871,0.7096774193548387,2023-02-01
2023,3,162,43,33,42,2,35,38,41,26,43,11222292,31.0,952473.7905544147,4.514559920328161,3.2672093994159463,6.081082585660359,0.2654320987654321,0.19923040645583015,0.34042623079975215,0.7857142857142857,0.6318843660680237,0.8970403501027812,0.926829268292683,0.8007540216233371,0.9846485284665834,0.6046511627906976,0.4440995244656957,0.7502322113524089,0.05714285714285714,0.006996763628309521,0.19157140634523914,0.9767441860465116,0.813953488372093,0.9534883720930233,0.7906976744186046,2023-03-01
2023,4,133,24,19,23,2,21,22,24,8,22,11222292,30.0,921748.8295687885,2.6037461866078693,1.668269311703952,3.8741679347137405,0.18045112781954886,0.11917398027279855,0.2564934432255194,0.8260869565217391,0.6121881100452025,0.9504923546942066,0.9166666666666666,0.7300271984423965,0.9897436587187498,0.36363636363636365,0.17197943764633242,0.5934233311743533,0.09523809523809523,0.011749317884445809,0.3037744069139242,0.9583333333333334,0.875,1.0,0.8333333333333334,2023-04-01
2023,5,144,28,19,28,1,22,23,27,13,28,11222292,31.0,952473.7905544147,2.939713436492756,1.9534182294955846,4.248704409988306,0.19444444444444445,0.13326690315685003,0.268616830712202,0.6785714285714286,0.47648359329038154,0.8412239621138461,0.8518518518518519,0.6626891359757556,0.9581126035262327,0.4642857142857143,0.27510856029659614,0.6613009238854,0.045454545454545456,0.0011501475265735762,0.22844439766763341,1.0,0.7857142857142857,0.9642857142857143,0.6785714285714286,2023-05-01
2023,6,171,32,16,32,1,25,25,31,11,31,11222292,30.0,921748.8295687885,3.471661582143826,2.3746139522112735,4.900950305578791,0.1871345029239766,0.13166152197287573,0.25378271394283897,0.5,0.318874964234164,0.681125035765836,0.8064516129032258,0.6252678338934159,0.9254801026888712,0.3548387096774194,0.192267434425978,0.5463043980493616,0.04,0.0010121996993108454,0.203516913922414,1.0,0.78125,0.96875,0.5,2023-06-01
2023,7,125,31,18,30,3,29,23,29,11,30,11222292,31.0,952473.7905544147,3.2546827332598367,2.2113990104527215,4.619762343028475,0.248,0.1751406548825769,0.3331743096876374,0.6,0.4060349300518187,0.7734423511714064,0.7931034482758621,0.6027530507727605,0.9200581511239199,0.36666666666666664,0.1992986250120345,0.5614401509880425,0.10344827586206896,0.02186373682985365,0.2735151978924229,0.967741935483871,0.9354838709677419,0.9354838709677419,0.6129032258064516,2023-07-01
2023,8,86,23,17,23,0,20,20,22,13,22,11222292,31.0,952473.7905544147,2.414764608547621,1.530753620900997,3.6233325512027728,0.26744186046511625,0.17768961933171232,0.3737989239361143,0.7391304347826086,0.5159480295975618,0.8977138660846415,0.9090909090909091,0.7083872584460665,0.988794413975849,0.5909090909090909,0.36354696172973133,0.7929068770028508,0.0,0.0,0.16843347098308528,1.0,0.8695652173913043,0.9565217391304348,0.7391304347826086,2023-08-01
2023,9,467,86,31,86,2,77,61,85,28,82,11222292,30.0,921748.8295687885,9.330090502011531,7.462868086998356,11.522585868824363,0.1841541755888651,0.15002290177598845,0.22234315577936073,0.36046511627906974,0.25967428665044767,0.4711650526628613,0.7176470588235294,0.6095962174549052,0.8099898660260234,0.34146341463414637,0.24026548495806144,0.45448732122976415,0.025974025974025976,0.0031612003000158206,0.09069715510534071,1.0,0.8953488372093024,0.9883720930232558,0.36046511627906974,2023-09-01
2023,10,236,41,26,41,4,34,32,40,17,39,11222292,31.0,952473.7905544147,4.304580389150106,3.089041206197305,5.8396493549034085,0.17372881355932204,0.12764915572085345,0.22821167599418368,0.6341463414634146,0.46936254803283345,0.7787721379389346,0.8,0.6435219813207653,0.9094775906000093,0.4358974358974359,0.27810762967640934,0.6037919829857288,0.11764705882352941,0.03300168033646957,0.2745034871423555,1.0,0.8292682926829268,0.975609756097561,0.6341463414634146,2023-10-01
2023,11,228,64,39,63,3,55,48,64,33,63,11222292,30.0,921748.8295687885,6.943323164287652,5.34720489629406,8.866468672069615,0.2807017543859649,0.22338143889468978,0.34382399925300716,0.6190476190476191,0.48796339720069093,0.7385486897528574,0.75,0.6260095431181809,0.8498444259147272,0.5238095238095238,0.3940837550784627,0.6512232887337102,0.05454545454545454,0.011393006272708745,0.1512349547665995,0.984375,0.859375,1.0,0.625,2023-11-01
2023,12,202,54,41,53,4,48,46,52,26,51,11222292,31.0,952473.7905544147,5.669447341807458,4.259063333273652,7.397398972280217,0.26732673267326734,0.2076501629410763,0.33397029280615775,0.7735849056603774,0.6379040768369848,0.8771726434175638,0.8846153846153846,0.7655916774948948,0.9564587960113129,0.5098039215686274,0.36595713967096405,0.6524720370048858,0.08333333333333333,0.02317349513676101,0.19982801419938093,0.9814814814814815,0.8888888888888888,0.9629629629629629,0.7777777777777778,2023-12-01
2024,1,259,68,44,67,3,61,64,66,31,66,11229915,31.0,953120.7802874743,7.134457815460729,5.540185655872056,9.04462529187839,0.2625482625482625,0.21002391940715906,0.320596635051146,0.6567164179104478,0.5306170830702144,0.768466602248849,0.9696969696969697,0.8947833514203487,0.9963088610385701,0.4696969696969697,0.34562130276322106,0.596579946558275,0.04918032786885246,0.010259315168320791,0.13706922191589432,0.9852941176470589,0.8970588235294118,0.9705882352941176,0.6617647058823529,2024-01-01
2024,2,237,64,46,60,4,58,58,63,24,59,11229915,29.0,891629.1170431211,7.17787236606191,5.527836362016403,9.165982766456978,0.270042194092827,0.2146061704883379,0.33133060488085514,0.7666666666666667,0.6396172128942423,0.866162656111152,0.9206349206349206,0.8244240502751522,0.9737276593559724,0.4067796610169492,0.28069620116242716,0.5425481076171178,0.06896551724137931,0.01910931186120434,0.16726813286166403,0.9375,0.90625,0.984375,0.78125,2024-02-01
2024,3,205,52,31,48,8,47,43,52,28,51,11229915,31.0,953120.7802874743,5.4557618588817345,4.074623909547721,7.154505824571943,0.25365853658536586,0.19561917054465874,0.31897036554150615,0.6458333333333334,0.49456825543663036,0.7783940670881664,0.8269230769230769,0.696719893896867,0.9176743145579072,0.5490196078431373,0.4034188229047924,0.6887249726088704,0.1702127659574468,0.07646947801106858,0.30809127462581226,0.9230769230769231,0.9038461538461539,1.0,0.6730769230769231,2024-03-01
2024,4,169,49,32,49,3,47,35,48,25,48,11229915,30.0,922374.9486652977,5.312373245923945,3.9301229723643925,7.02323915959097,0.28994082840236685,0.2228223993622404,0.3645907281830108,0.6530612244897959,0.5036128022805357,0.783275621892519,0.7291666666666666,0.5815436346738114,0.8472181313917835,0.5208333333333334,0.3718701677416545,0.6671336637863312,0.06382978723404255,0.013361769497254934,0.17539243001292093,1.0,0.9591836734693877,0.9795918367346939,0.6530612244897959,2024-04-01
2024,5,3520,598,147,521,21,536,272,591,133,549,11229915,31.0,953120.7802874743,62.74126137713995,57.81271852400026,67.97764997323127,0.16988636363636364,0.1576165533236318,0.18270701445634438,0.2821497120921305,0.24387546431653945,0.32291607866254085,0.4602368866328257,0.4194931225206219,0.5013798878049764,0.24225865209471767,0.20697706783456352,0.28034072108659447,0.03917910447761194,0.02441321938102754,0.05926777105984714,0.8712374581939799,0.8963210702341137,0.9882943143812709,0.3745819397993311,2024-05-01
2024,6,2357,272,54,207,6,245,136,270,58,247,11229915,30.0,922374.9486652977,29.48909230390435,26.088389271543214,33.20996774626769,0.11540093338990241,0.10277402240993226,0.12899222122952939,0.2608695652173913,0.2024562366334434,0.32627001280949086,0.5037037037037037,0.4424589005443276,0.5648663332846566,0.23481781376518218,0.18340140317356518,0.2927189617358424,0.024489795918367346,0.009039171150422683,0.05253911080370482,0.7610294117647058,0.9007352941176471,0.9926470588235294,0.4375,2024-06-01
2024,7,449,80,28,63,2,72,51,80,23,70,11229915,31.0,953120.7802874743,8.393479782894977,6.655507455399039,10.446412146990198,0.17817371937639198,0.14388451271490454,0.21676797433706488,0.4444444444444444,0.31917312627195704,0.5751123730173897,0.6375,0.5223872787351915,0.742105104628382,0.32857142857142857,0.22094935635964047,0.4512191027048736,0.027777777777777776,0.0033819003261732405,0.09676728911341521,0.7875,0.9,1.0,0.5625,2024-07-01
2024,8,155,24,14,22,0,18,19,24,9,20,11229915,31.0,953120.7802874743,2.518043934868493,1.613358261903436,3.7466497774796768,0.15483870967741936,0.10179831083096,0.22157174946695635,0.6363636363636364,0.40657666882564664,0.8280205623536676,0.7916666666666666,0.5784871563627474,0.928681382801945,0.45,0.23057789677592416,0.6847218669594515,0.0,0.0,0.1853019681378522,0.9166666666666666,0.75,1.0,0.6666666666666666,2024-08-01
2024,9,111,24,13,22,0,22,14,24,8,24,11229915,30.0,922374.9486652977,2.6019787326974426,1.6671368706335503,3.8715381033956655,0.21621621621621623,0.14371653161166956,0.3044162417582939,0.5909090909090909,0.36354696172973133,0.7929068770028508,0.5833333333333334,0.3664306456563624,0.7789030946533215,0.3333333333333333,0.15630228570913526,0.5532196156596481,0.0,0.0,0.15437251281557454,0.9166666666666666,0.9166666666666666,1.0,0.625,2024-09-01
2024,10,116,29,19,27,2,23,21,29,9,24,11229915,31.0,953120.7802874743,3.042636421299429,2.037701363691816,4.3697334377732,0.25,0.1742603714643702,0.3389208358989211,0.7037037037037037,0.49818633362999865,0.8624734460594208,0.7241379310344828,0.5276155175699662,0.8726598858977699,0.375,0.1879929281960023,0.594063615992056,0.08695652173913043,0.01070996603787589,0.2803793359094109,0.9310344827586207,0.7931034482758621,1.0,0.7241379310344828,2024-10-01
2024,11,131,27,18,26,1,24,19,26,10,26,11229915,30.0,922374.9486652977,2.927226074284623,1.9290604279216372,4.258960252769936,0.20610687022900764,0.14043640312467795,0.2855244350139168,0.6923076923076923,0.48210356355425843,0.8567400020722964,0.7307692307692307,0.5221252103061685,0.884267786708496,0.38461538461538464,0.2022602436550204,0.5942924647014085,0.041666666666666664,0.0010543524454697483,0.2112016834569731,0.9629629629629629,0.8888888888888888,0.9629629629629629,0.7037037037037037,2024-11-01
2024,12,117,23,15,22,2,20,21,23,7,22,11229915,31.0,953120.7802874743,2.413125437582306,1.5297145271187087,3.6208729899293517,0.19658119658119658,0.12888645978112653,0.28022181643238575,0.6818181818181818,0.45127557242622957,0.8613534784462021,0.9130434782608695,0.7196206640905891,0.9892900339621241,0.3181818181818182,0.13864652155379784,0.5487244275737704,0.1,0.012348527170294813,0.31698271401908235,0.9565217391304348,0.8695652173913043,1.0,0.6956521739130435,2024-12-01
2025,1,159,40,25,39,1,36,30,40,14,36,11233263,31.0,953404.9363449692,4.195489080783074,2.997318909564481,5.713065339560582,0.25157232704402516,0.18621034569776448,0.32643402909565794,0.6410256410256411,0.471795113625412,0.7879628144392001,0.75,0.5880380198485702,0.873085201067155,0.3888888888888889,0.2314244016621428,0.5653619525515745,0.027777777777777776,0.0007030252059047804,0.14528926474685327,0.975,0.9,1.0,0.65,2025-01-01
2025,2,169,52,36,51,4,46,43,50,14,49,11233263,28.0,861139.9425051335,6.038507498412782,4.50984622632688,7.918699200329613,0.3076923076923077,0.23909427676193176,0.38317940657492294,0.7058823529411765,0.5617112778531771,0.8251196432156539,0.86,0.7326039975029917,0.9418082996596279,0.2857142857142857,0.16584179165458152,0.4326297196464936,0.08695652173913043,0.024203070802934587,0.2079173248839477,0.9807692307692307,0.8846153846153846,0.9615384615384616,0.7115384615384616,2025-02-01
2025,3,223,54,34,53,2,48,39,53,22,51,11233263,31.0,953404.9363449692,5.66391025905715,4.254903706295333,7.390174280387498,0.242152466367713,0.1874558990606655,0.30384182221494854,0.6415094339622641,0.4980332239905668,0.7685690531287002,0.7358490566037735,0.59672076915,0.8474316399025806,0.43137254901960786,0.2934548738405946,0.5775467741928846,0.041666666666666664,0.0050864679300329785,0.1425409732013774,0.9814814814814815,0.8888888888888888,0.9814814814814815,0.6481481481481481,2025-03-01
2025,4,181,39,24,37,1,36,29,39,20,37,11233263,30.0,922649.9383983572,4.226955248888948,3.005778392786576,5.7783869750624985,0.2154696132596685,0.15793254689567118,0.28256943931284845,0.6486486486486487,0.47461125562602574,0.7979001847159973,0.7435897435897436,0.5787261156214303,0.8696232007644127,0.5405405405405406,0.3692195701065401,0.7051268717713555,0.027777777777777776,0.0007030252059047804,0.14528926474685327,0.9487179487179487,0.9230769230769231,1.0,0.6666666666666666,2025-04-01
2025,5,152,15,10,14,3,12,9,14,6,14,11233263,31.0,953404.9363449692,1.5733084052936526,0.8805687712262507,2.594932953287555,0.09868421052631579,0.05629197330027038,0.15753818993943242,0.7142857142857143,0.41896474281633916,0.9161106816928725,0.6428571428571429,0.3513801106159918,0.8724015701408404,0.42857142857142855,0.17661108998211794,0.7113905999616925,0.25,0.05486064452799274,0.5718584618781891,0.9333333333333333,0.8,0.9333333333333333,0.7333333333333333,2025-05-01
2025,6,92,27,18,26,2,23,21,27,16,26,11233263,30.0,922649.9383983572,2.9263536338461944,1.9284854841753116,4.257690897736918,0.29347826086956524,0.2031172415345918,0.39758125373992526,0.6923076923076923,0.48210356355425843,0.8567400020722964,0.7777777777777778,0.577416939955621,0.9137830600524333,0.6153846153846154,0.40570753529859144,0.7977397563449796,0.08695652173913043,0.01070996603787589,0.2803793359094109,0.9629629629629629,0.8518518518518519,1.0,0.7037037037037037,2025-06-01
2025,7,114,33,10,31,2,28,25,33,13,31,11233263,31.0,953404.9363449692,3.461278491646036,2.3825848500233335,4.860921891891759,0.2894736842105263,0.20835742847140348,0.3818562608857012,0.3225806451612903,0.16682363742295947,0.5137298295927499,0.7575757575757576,0.5774106822882981,0.8890767004411605,0.41935483870967744,0.24547595073865155,0.6092407775079076,0.07142857142857142,0.008770496703527137,0.23503477317459073,0.9393939393939394,0.8484848484848485,1.0,0.36363636363636365,2025-07-01
2025,8,87,21,13,21,1,18,16,21,9,20,11233263,31.0,953404.9363449692,2.202631767411114,1.3634637800294183,3.366956632090317,0.2413793103448276,0.15604897339719523,0.3450022280341708,0.6190476190476191,0.38435439037864594,0.8189283744598268,0.7619047619047619,0.5283401723453787,0.9178241244069774,0.45,0.23057789677592416,0.6847218669594515,0.05555555555555555,0.0014055561673694233,0.27294359967336845,1.0,0.8571428571428571,1.0,0.6190476190476191,2025-08-01
2025,9,122,12,9,11,2,11,9,12,5,10,11233263,30.0,922649.9383983572,1.300601615042753,0.6720398333831676,2.2718892806262483,0.09836065573770492,0.05186499296751112,0.1655133868377898,0.8181818181818182,0.48224414763982737,0.9771688017000404,0.75,0.4281415381218109,0.9451393554720072,0.5,0.18708602844739855,0.8129139715526015,0.18181818181818182,0.022831198299959665,0.5177558523601726,0.9166666666666666,0.9166666666666666,1.0,0.8333333333333334,2025-09-01
2025,10,122,20,13,20,2,15,17,20,8,19,11233263,31.0,953404.9363449692,2.097744540391537,1.2813568631433705,3.239796305344312,0.16393442622950818,0.10310618900956121,0.2417664911587088,0.65,0.4078114654671719,0.8460907952154588,0.85,0.621073173454686,0.9679290628145363,0.42105263157894735,0.20252143897716277,0.6650021559882646,0.13333333333333333,0.016575913440083627,0.40460269660337206,1.0,0.75,1.0,0.65,2025-10-01
2025,11,112,12,8,12,0,12,5,11,4,11,11233263,30.0,922649.9383983572,1.300601615042753,0.6720398333831676,2.2718892806262483,0.10714285714285714,0.05660159929968909,0.1796787551286936,0.6666666666666666,0.34887550641881554,0.9007539088504167,0.45454545454545453,0.16748809406370715,0.7662064023406548,0.36363636363636365,0.10926344381909814,0.6920952849883228,0.0,0.0,0.2646484693970512,1.0,1.0,0.9166666666666666,0.6666666666666666,2025-11-01
2025,12,66,6,4,4,0,5,5,6,3,4,11233263,31.0,953404.9363449692,0.6293233621174611,0.2309505824389966,1.3697720165561837,0.09090909090909091,0.034097132771268523,0.18744265118647313,1.0,0.3976353643835254,1.0,0.8333333333333334,0.3587654210023252,0.9957892554855106,0.75,0.19412044968324346,0.9936905367902902,0.0,0.0,0.5218237501049814,0.6666666666666666,0.8333333333333334,1.0,1.0,2025-12-01
