health_region_code,health_region_name,uf_abbr,region,cases,deaths,outcome_known,H,person_years
11001,VALE DO JAMARI,RO,Norte,142,11,140,0.3617021276595745,4388921
11002,CAFE,RO,Norte,65,1,65,0.7076923076923077,3303176
11003,CENTRAL,RO,Norte,231,6,210,0.39631336405529954,6740475
11004,MADEIRA-MAMORE,RO,Norte,305,14,296,0.5435540069686411,10833631
11005,ZONA DA MATA,RO,Norte,40,1,38,0.6842105263157895,2635321
11006,CONE SUL,RO,Norte,20,2,17,0.6111111111111112,2892108
11007,VALE DO GUAPORE,RO,Norte,5,1,5,0.75,828001
12001,ALTO ACRE,AC,Norte,97,0,91,0.5333333333333333,1271828
12002,BAIXO ACRE E PURUS,AC,Norte,3536,41,3505,0.3126668644319193,10020092
12003,JURUA E TARAUACA/ENVIRA,AC,Norte,1121,8,1091,0.21577946768060838,4325360
13001,"MANAUS, ENTORNO E ALTO RIO NEGRO",AM,Norte,791,92,764,0.8284625158831004,45160196
13002,RIO NEGRO E SOLIMOES,AM,Norte,61,5,51,0.8793103448275862,5168298
13003,RIO MADEIRA,AM,Norte,28,2,27,0.6666666666666666,3474403
13004,MEDIO AMAZONAS,AM,Norte,21,2,21,0.9523809523809523,3242176
13005,BAIXO AMAZONAS,AM,Norte,60,7,58,0.9166666666666666,4418891
13006,REGIONAL PURUS,AM,Norte,72,2,60,0.6176470588235294,2509961
13007,REGIONAL JURUA,AM,Norte,41,0,35,0.5526315789473685,2418369
13008,TRIANGULO,AM,Norte,18,2,16,0.7777777777777778,2583924
13009,ALTO SOLIMOES,AM,Norte,27,5,24,0.9259259259259259,4791467
14001,CENTRO NORTE,RR,Norte,33,2,23,0.65625,9181173
14002,SUL,RR,Norte,16,0,8,0.6875,1604598
15001,ARAGUAIA,PA,Norte,20,0,17,0.8888888888888888,9059141
15002,BAIXO AMAZONAS,PA,Norte,201,25,192,0.7777777777777778,14796158
15003,CARAJAS,PA,Norte,33,3,29,0.84375,16495040
15004,LAGO DE TUCURUI,PA,Norte,11,2,9,0.8181818181818182,5554177
15006,METROPOLITANA I,PA,Norte,1169,159,1007,0.8593189964157706,40109987
15007,METROPOLITANA II,PA,Norte,57,7,44,0.9272727272727272,6718240
15008,METROPOLITANA III,PA,Norte,278,8,253,0.23809523809523808,16399469
15009,RIO CAETES,PA,Norte,101,16,79,0.9270833333333334,9816920
15010,TAPAJOS,PA,Norte,17,3,15,0.8823529411764706,4487551
15011,TOCANTINS,PA,Norte,185,29,145,0.7687861271676301,14419840
15012,XINGU,PA,Norte,18,3,15,0.7222222222222222,6667121
15013,MARAJO I,PA,Norte,74,2,52,0.6712328767123288,4338729
15014,MARAJO II,PA,Norte,105,18,96,0.776595744680851,5870567
16001,AREA CENTRAL,AP,Norte,764,28,684,0.5843293492695883,9459789
16002,AREA NORTE,AP,Norte,32,2,24,0.7,1156363
16003,AREA SUDOESTE,AP,Norte,313,11,279,0.6644951140065146,3511211
17001,MEDIO NORTE ARAGUAIA,TO,Norte,15,0,14,0.8571428571428571,5262341
17002,BICO DO PAPAGAIO,TO,Norte,9,0,6,0.75,3773901
17003,SUDESTE,TO,Norte,4,0,2,0.5,1748633
17004,CERRADO TOCANTINS ARAGUAIA,TO,Norte,37,0,34,0.5,2882023
17005,ILHA DO BANANAL,TO,Norte,7,0,6,0.7142857142857143,3393951
17006,CAPIM DOURADO,TO,Norte,12,0,11,0.5454545454545454,6548408
17007,CANTAO,TO,Norte,9,1,8,0.875,2333790
17008,AMOR PERFEITO,TO,Norte,15,1,12,0.7333333333333333,2142161
21001,ACAILANDIA,MA,Nordeste,3,0,2,1.0,5157566
21002,BACABAL,MA,Nordeste,30,4,27,0.9666666666666667,5018355
21003,BALSAS,MA,Nordeste,6,2,6,0.6666666666666666,4234526
21004,BARRA DO CORDA,MA,Nordeste,14,1,13,0.6153846153846154,4376831
21005,CAXIAS,MA,Nordeste,14,0,11,0.8571428571428571,5581427
21006,CHAPADINHA,MA,Nordeste,18,1,15,0.6666666666666666,6754893
21007,CODO,MA,Nordeste,22,2,19,0.7272727272727273,5640456
21008,IMPERATRIZ,MA,Nordeste,11,0,6,0.7272727272727273,10192497
21009,ITAPECURU MIRIM,MA,Nordeste,28,2,27,0.9285714285714286,6837397
21010,PEDREIRAS,MA,Nordeste,24,3,22,0.9583333333333334,3977550
21011,PINHEIRO,MA,Nordeste,21,6,18,0.95,7388058
21012,PRESIDENTE DUTRA,MA,Nordeste,23,0,18,0.9565217391304348,5365262
21013,ROSARIO,MA,Nordeste,16,2,13,0.9333333333333333,5387449
21014,SANTA INES,MA,Nordeste,33,6,32,0.90625,7053796
21015,SAO JOAO DOS PATOS,MA,Nordeste,19,1,12,0.8947368421052632,4514012
21016,SAO LUIS,MA,Nordeste,312,55,297,0.9644012944983819,27143312
21017,TIMON,MA,Nordeste,5,0,3,1.0,4661416
21018,VIANA,MA,Nordeste,21,4,15,0.85,4950947
21019,ZE DOCA,MA,Nordeste,11,3,9,0.9090909090909091,5241248
22001,CARNAUBAIS,PI,Nordeste,2,0,1,1.0,3078283
22002,CHAPADA DAS MANGABEIRAS,PI,Nordeste,4,0,3,1.0,3509399
22003,COCAIS,PI,Nordeste,10,1,9,0.8,7628987
22004,ENTRE RIOS,PI,Nordeste,51,0,42,0.9607843137254902,23489770
22005,PLANICIE LITORANEA,PI,Nordeste,4,0,2,0.75,5411908
22009,VALE DO RIO GUARIBAS,PI,Nordeste,2,0,2,1.0,4558255
23001,1ª RS FORTALEZA,CE,Nordeste,1006,114,943,0.8759048603929679,87248021
23011,5ª RS SOBRAL,CE,Nordeste,75,6,66,0.8243243243243243,31028961
23023,2ª RS CARIRI,CE,Nordeste,236,3,209,0.7217391304347827,27745587
23024,3ª RS SERTAO CENTRAL,CE,Nordeste,38,1,32,0.8648648648648649,11951740
23025,4ª RS LITORAL LESTE/JAGUARIBE,CE,Nordeste,156,6,150,0.7948717948717948,10169504
24001,1ª REGIAO DE SAUDE - SAO JOSE DE MIPIBU,RN,Nordeste,17,3,15,0.8235294117647058,7090731
24002,2ª REGIAO DE SAUDE - MOSSORO,RN,Nordeste,24,5,24,0.8333333333333334,8659306
24003,3ª REGIAO DE SAUDE - JOAO CAMARA,RN,Nordeste,18,1,16,0.8823529411764706,6437638
24004,4ª REGIAO DE SAUDE - CAICO,RN,Nordeste,76,5,63,0.6710526315789473,5766193
24005,5ª REGIAO DE SAUDE - SANTA CRUZ,RN,Nordeste,6,2,6,0.6666666666666666,3613647
24006,6ª REGIAO DE SAUDE - PAU DOS FERROS,RN,Nordeste,42,0,35,0.8717948717948718,4713188
24007,7ª REGIAO DE SAUDE - METROPOLITANA,RN,Nordeste,100,15,77,0.8383838383838383,23951459
24008,8ª REGIAO DE SAUDE - ACU,RN,Nordeste,9,0,6,0.4444444444444444,2830829
25001,1ª REGIAO MATA ATLANTICA,PB,Nordeste,270,34,252,0.7384615384615385,24585001
25002,2ª REGIAO,PB,Nordeste,7,3,5,1.0,5723662
25003,3ª REGIAO,PB,Nordeste,4,1,2,1.0,3673028
25004,4ª REGIAO,PB,Nordeste,7,0,6,1.0,2054827
25005,5ª REGIAO,PB,Nordeste,1,0,1,1.0,2117927
25006,6ª REGIAO,PB,Nordeste,2,0,2,1.0,4388197
25007,7ª REGIAO,PB,Nordeste,2,1,2,1.0,2790603
25008,8ª REGIAO,PB,Nordeste,10,0,6,0.7777777777777778,2184428
25009,9ª REGIAO,PB,Nordeste,6,0,4,1.0,3308331
25010,10ª REGIAO,PB,Nordeste,8,0,8,0.875,2190482
25012,12ª REGIAO,PB,Nordeste,5,2,5,1.0,3327609
25014,14ª REGIAO,PB,Nordeste,5,0,3,0.5,2851619
25015,15ª REGIAO,PB,Nordeste,9,2,9,1.0,2878922
25016,16ª REGIAO,PB,Nordeste,65,11,64,0.9682539682539683,10424193
26001,X REGIÃO DE SAÚDE,PE,Nordeste,5,1,3,1.0,3573953
26002,VI REGIÃO DE SAÚDE,PE,Nordeste,13,0,10,0.75,7779903
26003,IV REGIÃO DE SAÚDE,PE,Nordeste,159,17,132,0.8926174496644296,25090950
26004,V REGIÃO DE SAÚDE,PE,Nordeste,17,1,10,0.5625,10278567
26005,XII REGIÃO DE SAÚDE,PE,Nordeste,75,4,71,0.726027397260274,5930049
26006,II REGIÃO DE SAÚDE,PE,Nordeste,79,10,64,0.8289473684210527,11102823
26007,IX REGIÃO DE SAÚDE,PE,Nordeste,5,1,4,1.0,6526252
26008,III REGIÃO DE SAÚDE,PE,Nordeste,147,16,130,0.9302325581395349,10618887
26009,VIII REGIÃO DE SAÚDE,PE,Nordeste,6,0,6,0.6666666666666666,9360441
26010,I REGIÃO DE SAÚDE,PE,Nordeste,3771,468,3506,0.8302658486707567,77636924
26011,VII REGIÃO DE SAÚDE,PE,Nordeste,5,0,4,0.8,2728909
26012,XI REGIÃO DE SAÚDE,PE,Nordeste,3,2,3,0.6666666666666666,4503098
27001,1ª REGIAO DE SAUDE,AL,Nordeste,743,92,698,0.8766937669376694,23207105
27002,2ª REGIAO DE SAUDE,AL,Nordeste,34,1,29,0.7419354838709677,3022693
27003,3ª REGIAO DE SAUDE,AL,Nordeste,89,11,79,0.875,3973351
27004,4ª REGIAO DE SAUDE,AL,Nordeste,88,11,72,0.872093023255814,2570688
27005,5ª REGIAO DE SAUDE,AL,Nordeste,12,1,11,1.0,3997022
27006,6ª REGIAO DE SAUDE,AL,Nordeste,28,2,27,0.9285714285714286,3699629
27007,7ª REGIAO DE SAUDE,AL,Nordeste,14,0,11,0.6923076923076923,9665439
27008,8ª REGIAO DE SAUDE,AL,Nordeste,9,0,8,0.8888888888888888,2937435
27009,9ª REGIAO DE SAUDE,AL,Nordeste,8,2,6,0.5,4358664
27010,10ª REGIAO DE SAUDE,AL,Nordeste,9,2,5,1.0,2910696
28001,ARACAJU,SE,Nordeste,420,100,392,0.946987951807229,15200431
28002,ESTANCIA,SE,Nordeste,20,3,18,0.9,4471126
28003,ITABAIANA,SE,Nordeste,33,7,19,0.9354838709677419,4686065
28004,LAGARTO,SE,Nordeste,21,7,17,0.9523809523809523,4828022
28005,NOSSA SENHORA DA GLORIA,SE,Nordeste,7,3,6,0.8571428571428571,3151886
28006,NOSSA SENHORA DO SOCORRO,SE,Nordeste,212,47,203,0.9666666666666667,6233699
28007,PROPRIA,SE,Nordeste,36,11,36,0.9722222222222222,2908481
29001,ALAGOINHAS,BA,Nordeste,14,1,11,1.0,9737033
29002,BARREIRAS,BA,Nordeste,5,0,2,0.8,8472929
29003,BRUMADO,BA,Nordeste,4,0,4,0.0,7574329
29004,CAMACARI,BA,Nordeste,107,15,91,0.9595959595959596,10722812
29005,CRUZ DAS ALMAS,BA,Nordeste,19,1,17,0.8333333333333334,4804099
29006,FEIRA DE SANTANA,BA,Nordeste,62,10,51,0.85,21579051
29007,GUANAMBI,BA,Nordeste,8,1,7,0.5,8819125
29008,IBOTIRAMA,BA,Nordeste,3,0,3,0.3333333333333333,3633130
29009,ILHEUS,BA,Nordeste,211,24,194,0.9567307692307693,6319144
29010,IRECE,BA,Nordeste,9,0,6,0.8888888888888888,7741578
29011,ITABERABA,BA,Nordeste,2,0,1,1.0,4710249
29012,ITABUNA,BA,Nordeste,139,28,130,0.9172932330827067,9549104
29013,ITAPETINGA,BA,Nordeste,5,1,5,0.75,4549223
29014,JACOBINA,BA,Nordeste,6,1,3,0.6666666666666666,7337924
29015,JEQUIE,BA,Nordeste,47,4,42,0.9361702127659575,9721133
29016,JUAZEIRO,BA,Nordeste,6,0,5,1.0,10180529
29017,PAULO AFONSO,BA,Nordeste,2,0,2,0.5,4648484
29018,PORTO SEGURO,BA,Nordeste,71,16,68,0.9436619718309859,7148399
29019,RIBEIRA DO POMBAL,BA,Nordeste,6,1,6,0.8333333333333334,6988208
29020,SALVADOR,BA,Nordeste,1377,203,1211,0.9580265095729014,60131332
29021,SANTA MARIA DA VITORIA,BA,Nordeste,2,0,1,1.0,5649289
29022,SANTO ANTONIO DE JESUS,BA,Nordeste,34,0,28,0.9393939393939394,8791220
29023,SEABRA,BA,Nordeste,3,0,1,0.3333333333333333,3510113
29024,SENHOR DO BONFIM,BA,Nordeste,2,0,1,1.0,5623518
29025,SERRINHA,BA,Nordeste,12,2,6,1.0,10928060
29026,TEIXEIRA DE FREITAS,BA,Nordeste,13,2,13,0.6153846153846154,8252167
29027,VALENCA,BA,Nordeste,45,7,41,0.9111111111111111,5384449
29028,VITORIA DA CONQUISTA,BA,Nordeste,16,3,13,0.7333333333333333,12881505
31001,ALFENAS/MACHADO,MG,Sudeste,24,0,20,0.7391304347826086,5589421
31002,GUAXUPE,MG,Sudeste,12,1,11,0.5,2621562
31003,ITAJUBA,MG,Sudeste,137,4,126,0.6814814814814815,3852711
31004,LAVRAS,MG,Sudeste,12,1,9,0.4166666666666667,3441832
31006,POCOS DE CALDAS,MG,Sudeste,33,2,33,0.6060606060606061,4403238
31007,POUSO ALEGRE/SANTA RITA DO SAPUCAI,MG,Sudeste,149,3,141,0.6180555555555556,10293111
31008,SAO LOURENCO,MG,Sudeste,142,6,132,0.6879432624113475,4913510
31009,SAO SEBASTIAO DO PARAISO,MG,Sudeste,18,0,18,0.5555555555555556,2380739
31010,TRES CORACOES,MG,Sudeste,10,0,9,0.7777777777777778,2124964
31011,TRES PONTAS,MG,Sudeste,17,0,16,0.4375,2369167
31012,VARGINHA,MG,Sudeste,13,2,11,0.7692307692307693,4005578
31013,BARBACENA,MG,Sudeste,22,5,21,0.8636363636363636,4347967
31015,SAO JOAO DEL REI,MG,Sudeste,30,4,26,0.6551724137931034,4499390
31016,BELO HORIZONTE/NOVA LIMA/SANTA LUZIA,MG,Sudeste,429,38,396,0.9043062200956937,62926800
31017,BETIM,MG,Sudeste,106,14,100,0.8811881188118812,13097418
31018,CONTAGEM,MG,Sudeste,118,29,114,0.9655172413793104,15822267
31019,CURVELO,MG,Sudeste,7,1,6,0.8571428571428571,3429434
31020,GUANHAES,MG,Sudeste,2,0,2,0.5,1753399
31021,ITABIRA,MG,Sudeste,35,2,34,0.7941176470588235,4336427
31022,OURO PRETO,MG,Sudeste,22,0,22,0.9090909090909091,3485108
31023,JOAO MONLEVADE,MG,Sudeste,7,1,6,0.7142857142857143,2642589
31024,SETE LAGOAS,MG,Sudeste,27,1,22,0.6538461538461539,8108731
31025,VESPASIANO/LAGOA SANTA,MG,Sudeste,23,3,20,0.8095238095238095,5997171
31026,DIAMANTINA/ITAMARANDIBA,MG,Sudeste,13,1,9,0.75,2756126
31027,TURMALINA/MINAS NOVAS/CAPELINHA,MG,Sudeste,7,2,7,0.8571428571428571,2234915
31028,BOM DESPACHO,MG,Sudeste,23,1,19,0.7272727272727273,2072662
31030,FORMIGA,MG,Sudeste,17,0,15,0.5882352941176471,3016912
31031,ITAUNA,MG,Sudeste,14,0,10,0.7857142857142857,2376386
31032,PARA DE MINAS/NOVA SERRANA,MG,Sudeste,9,3,7,0.7777777777777778,4530298
31034,CARATINGA,MG,Sudeste,17,0,16,0.625,3767179
31035,CORONEL FABRICIANO/TIMOTEO,MG,Sudeste,40,8,38,0.8461538461538461,4237583
31036,GOVERNADOR VALADARES,MG,Sudeste,37,9,37,0.7837837837837838,7957119
31037,IPATINGA,MG,Sudeste,41,8,38,0.85,7310619
31038,MANTENA/ITABIRINHA,MG,Sudeste,6,1,6,1.0,1288000
31040,RESPLENDOR,MG,Sudeste,6,0,4,0.6,1603819
31041,ALEM PARAIBA,MG,Sudeste,19,2,19,0.8888888888888888,1047960
31042,CARANGOLA,MG,Sudeste,46,5,44,0.9130434782608695,2428933
31044,LEOPOLDINA/CATAGUASES,MG,Sudeste,60,13,57,0.7966101694915254,3338688
31045,MURIAE,MG,Sudeste,50,6,46,0.86,3202295
31046,SANTOS DUMONT,MG,Sudeste,2,1,2,1.0,945916
31047,SAO JOAO NEPOMUCENO,MG,Sudeste,7,0,6,1.0,1360322
31048,UBA,MG,Sudeste,86,11,81,0.7469879518072289,5724301
31052,JANAUBA/MONTE AZUL,MG,Sudeste,4,0,4,0.75,5164802
31053,JANUARIA,MG,Sudeste,1,0,1,0.0,2148019
31055,PIRAPORA,MG,Sudeste,3,0,2,1.0,2644164
31057,PATOS DE MINAS,MG,Sudeste,43,0,42,0.7441860465116279,4956444
31058,UNAI/PARACATU,MG,Sudeste,17,0,14,0.625,5077742
31059,MANHUACU,MG,Sudeste,109,13,107,0.75,6490573
31060,PONTE NOVA,MG,Sudeste,57,8,52,0.9298245614035088,4071659
31061,VICOSA,MG,Sudeste,12,0,12,0.8333333333333334,2566461
31062,AGUAS FORMOSAS,MG,Sudeste,3,2,3,1.0,1102689
31064,ARACUAI,MG,Sudeste,1,0,1,1.0,1615143
31065,ITAOBIM,MG,Sudeste,2,0,2,0.5,1516959
31066,NANUQUE,MG,Sudeste,8,0,7,0.75,1266908
31067,PADRE PARAISO,MG,Sudeste,4,1,4,1.0,1106905
31068,PEDRA AZUL,MG,Sudeste,1,0,1,1.0,1206636
31070,ARAXA,MG,Sudeste,27,3,24,0.8148148148148148,3446317
31071,FRUTAL / ITURAMA,MG,Sudeste,17,1,16,0.7647058823529411,3205458
31072,UBERABA,MG,Sudeste,29,5,28,1.0,7669656
31073,ITUIUTABA,MG,Sudeste,7,2,7,1.0,3608992
31074,PATROCINIO/MONTE CARMELO,MG,Sudeste,34,4,30,0.7878787878787878,3654484
31075,UBERLANDIA/ARAGUARI,MG,Sudeste,62,7,60,0.8688524590163934,16975055
31076,MANGA,MG,Sudeste,3,0,3,0.6666666666666666,1099987
31077,JOAO PINHEIRO,MG,Sudeste,2,0,2,0.0,1331850
31078,CONGONHAS,MG,Sudeste,34,0,34,0.8235294117647058,2303812
31079,CONSELHEIRO LAFAIETE,MG,Sudeste,21,1,18,0.5714285714285714,3503376
31082,SAO GOTARDO,MG,Sudeste,18,0,18,0.8333333333333334,1858043
31083,BOCAIUVA,MG,Sudeste,2,0,2,1.0,1415444
31084,MONTES CLAROS,MG,Sudeste,9,2,9,1.0,8178760
31086,DIVINOPOLIS,MG,Sudeste,57,3,54,0.42105263157894735,6408066
31087,LAGOA DA PRATA/SANTO ANTONIO DO MONTE,MG,Sudeste,8,0,7,0.75,1616402
31088,OLIVEIRA/SANTO ANTONIO DO AMPARO,MG,Sudeste,15,1,15,0.6,1936473
31089,CAMPO BELO,MG,Sudeste,6,0,5,0.3333333333333333,1841729
31090,LIMA DUARTE,MG,Sudeste,21,1,17,0.6666666666666666,1374602
31091,CASSIA,MG,Sudeste,9,2,9,0.8888888888888888,923357
31092,PASSOS,MG,Sudeste,54,1,50,0.8333333333333334,3997253
31093,PIUMHI,MG,Sudeste,15,2,14,0.6666666666666666,1470014
31094,ALMENARA/JACINTO,MG,Sudeste,4,0,3,1.0,3192653
31095,SERRO,MG,Sudeste,6,1,5,0.8333333333333334,1039041
31096,ITAMBACURI,MG,Sudeste,4,0,4,1.0,706391
31097,JUIZ DE FORA,MG,Sudeste,77,11,73,0.8961038961038961,11322038
31098,SALINAS,MG,Sudeste,2,0,2,0.0,1286080
31099,TEOFILO OTONI/MALACACHETA,MG,Sudeste,36,4,35,0.8484848484848485,5331332
31100,SAO FRANCISCO,MG,Sudeste,3,0,3,0.6666666666666666,1880803
31101,BRASILIA DE MINAS,MG,Sudeste,3,0,3,1.0,2414315
31102,PECANHA/SAO JOAO EVANGELISTA/SANTA MARIA DO SUACUI,MG,Sudeste,8,0,5,0.75,1856068
32001,CENTRAL,ES,Sudeste,351,2,327,0.21764705882352942,9571682
32002,METROPOLITANA,ES,Sudeste,1256,73,1092,0.6211009174311927,43025458
32003,NORTE,ES,Sudeste,245,8,234,0.35319148936170214,7827536
32004,SUL,ES,Sudeste,633,12,593,0.3798319327731092,12727353
33001,BAIA DA ILHA GRANDE,RJ,Sudeste,150,14,129,0.7445255474452555,4911465
33002,BAIXADA LITORANEA,RJ,Sudeste,59,8,50,0.8103448275862069,14679801
33003,CENTRO-SUL,RJ,Sudeste,100,11,90,0.6736842105263158,6309773
33004,MEDIO PARAIBA,RJ,Sudeste,382,49,346,0.8509485094850948,17131636
33005,METROPOLITANA I,RJ,Sudeste,1947,346,1711,0.904226859283039,198055248
33006,METROPOLITANA II,RJ,Sudeste,585,114,446,0.9050179211469535,38639267
33007,NOROESTE,RJ,Sudeste,240,45,202,0.728448275862069,6562937
33008,NORTE,RJ,Sudeste,230,50,208,0.918552036199095,17193198
33009,SERRANA,RJ,Sudeste,736,55,607,0.6025641025641025,18102722
35011,ALTO DO TIETE,SP,Sudeste,1427,185,1266,0.7107736804049168,54762215
35012,FRANCO DA ROCHA,SP,Sudeste,140,17,125,0.8796992481203008,10776040
35013,MANANCIAIS,SP,Sudeste,343,29,274,0.8909090909090909,20531599
35014,ROTA DOS BANDEIRANTES,SP,Sudeste,580,98,489,0.9046762589928058,35842361
35015,GRANDE ABC,SP,Sudeste,596,85,565,0.9044368600682594,51620543
35016,SAO PAULO,SP,Sudeste,3633,507,3229,0.8889200561009818,225490150
35021,CENTRAL DO DRS II,SP,Sudeste,3,0,3,1.0,5630990
35022,LAGOS DO DRS II,SP,Sudeste,1,0,1,1.0,3779761
35023,CONSORCIOS DO DRS II,SP,Sudeste,5,0,4,0.6,4999800
35031,CENTRAL DO DRS III,SP,Sudeste,14,2,13,0.7857142857142857,5856658
35032,CORACAO DO DRS III,SP,Sudeste,21,3,19,0.8571428571428571,7285818
35033,NOROESTE DO DRS III,SP,Sudeste,21,0,21,0.95,5512307
35041,BAIXADA SANTISTA,SP,Sudeste,1018,222,925,0.8765306122448979,33858721
35051,NORTE - BARRETOS,SP,Sudeste,15,3,15,0.8666666666666667,5396973
35052,SUL - BARRETOS,SP,Sudeste,8,0,8,0.625,2759921
35061,VALE DO JURUMIRIM,SP,Sudeste,22,4,21,0.6818181818181818,5626985
35062,BAURU,SP,Sudeste,39,3,39,0.7894736842105263,12043147
35063,POLO CUESTA,SP,Sudeste,58,2,58,0.7068965517241379,5656654
35064,JAU,SP,Sudeste,33,8,31,0.7575757575757576,6282840
35065,LINS,SP,Sudeste,7,0,6,0.5714285714285714,3048574
35071,BRAGANCA,SP,Sudeste,151,10,132,0.7074829931972789,8800310
35072,REGIAO METROPOLITANA DE CAMPINAS,SP,Sudeste,993,96,940,0.6197636949516648,58077637
35073,JUNDIAI,SP,Sudeste,125,8,113,0.8306451612903226,14881446
35074,CIRCUITO DAS AGUAS,SP,Sudeste,63,2,60,0.6612903225806451,2477233
35081,TRES COLINAS,SP,Sudeste,26,2,24,0.625,7893468
35082,ALTA ANHANGUERA,SP,Sudeste,4,0,3,0.0,2881512
35083,ALTA MOGIANA,SP,Sudeste,4,1,4,1.0,2228416
35091,ADAMANTINA,SP,Sudeste,25,1,25,0.68,2521936
35092,ASSIS,SP,Sudeste,109,9,108,0.6886792452830188,4533174
35093,MARILIA,SP,Sudeste,58,0,58,0.43103448275862066,7258540
35094,OURINHOS,SP,Sudeste,27,1,26,0.5925925925925926,4443255
35095,TUPA,SP,Sudeste,16,2,16,0.5,2441439
35101,ARARAS,SP,Sudeste,50,7,45,0.75,6291108
35102,LIMEIRA,SP,Sudeste,34,4,32,0.7352941176470589,6729578
35103,PIRACICABA,SP,Sudeste,216,7,210,0.411214953271028,11036355
35104,RIO CLARO,SP,Sudeste,52,6,50,0.6938775510204082,4827570
35111,ALTA PAULISTA,SP,Sudeste,4,0,4,0.75,2503199
35112,ALTA SOROCABANA,SP,Sudeste,25,1,25,1.0,7659130
35113,ALTO CAPIVARI,SP,Sudeste,7,1,7,0.8571428571428571,1097749
35114,EXTREMO OESTE PAULISTA,SP,Sudeste,4,0,4,0.75,1774079
35115,PONTAL DO PARANAPANEMA,SP,Sudeste,3,1,3,1.0,1280629
35121,VALE DO RIBEIRA,SP,Sudeste,203,21,192,0.675,5386538
35131,HORIZONTE VERDE,SP,Sudeste,40,4,38,0.8,7869401
35132,AQUIFERO GUARANI,SP,Sudeste,56,8,50,0.8392857142857143,16783007
35133,VALE DAS CACHOEIRAS,SP,Sudeste,7,0,7,1.0,2553395
35141,BAIXA MOGIANA,SP,Sudeste,41,3,41,0.725,6163182
35142,MANTIQUEIRA,SP,Sudeste,36,0,36,0.7777777777777778,5190212
35143,RIO PARDO,SP,Sudeste,28,3,27,0.7037037037037037,4057686
35151,CATANDUVA,SP,Sudeste,96,3,92,0.7604166666666666,5744641
35152,SANTA FE DO SUL,SP,Sudeste,1,0,1,0.0,933731
35153,JALES,SP,Sudeste,7,0,6,1.0,1975976
35154,FERNANDOPOLIS,SP,Sudeste,27,2,24,0.7407407407407407,2247636
35155,SAO JOSE DO RIO PRETO,SP,Sudeste,83,16,81,0.7654320987654321,13663075
35156,JOSE BONIFACIO,SP,Sudeste,11,1,10,1.0,1859963
35157,VOTUPORANGA,SP,Sudeste,32,1,31,0.75,3700292
35161,ITAPETININGA,SP,Sudeste,62,4,57,0.5423728813559322,9224173
35162,ITAPEVA,SP,Sudeste,50,8,49,0.64,5341476
35163,SOROCABA,SP,Sudeste,502,66,455,0.7318087318087318,32010194
35171,ALTO VALE DO PARAIBA,SP,Sudeste,328,35,303,0.7443365695792881,20173084
35172,CIRCUITO DA FE E VALE HISTORICO,SP,Sudeste,168,13,155,0.7777777777777778,8844351
35173,LITORAL NORTE,SP,Sudeste,105,7,89,0.6470588235294118,6037996
35174,VALE DO PARAIBA/REGIAO SERRANA,SP,Sudeste,112,16,106,0.7818181818181819,11458116
41001,1ª RS PARANAGUA,PR,Sul,327,54,310,0.8190184049079755,5489809
41002,2ª RS METROPOLITANA,PR,Sul,3476,366,3334,0.6983159117305459,66225089
41003,3ª RS PONTA GROSSA,PR,Sul,271,28,268,0.7894736842105263,11745165
41004,4ª RS IRATI,PR,Sul,83,3,80,0.7804878048780488,3146479
41005,5ª RS GUARAPUAVA,PR,Sul,194,13,178,0.5806451612903226,8668684
41006,6ª RS UNIAO DA VITORIA,PR,Sul,111,6,106,0.7663551401869159,3174225
41007,7ª RS PATO BRANCO,PR,Sul,149,5,146,0.5202702702702703,5102680
41008,8ª RS FRANCISCO BELTRAO,PR,Sul,233,8,212,0.6491228070175439,6942163
41009,9ª RS FOZ DO IGUACU,PR,Sul,76,6,74,0.72,8100111
41010,10ª RS CASCAVEL,PR,Sul,194,8,192,0.6494845360824743,10469186
41011,11ª RS CAMPO MOURAO,PR,Sul,91,9,89,0.7272727272727273,6542090
41012,12ª RS UMUARAMA,PR,Sul,14,1,9,0.5,5358547
41013,13ª RS CIANORTE,PR,Sul,12,2,12,0.75,2856596
41014,14ª RS PARANAVAI,PR,Sul,29,0,27,0.8214285714285714,5146156
41015,15ª RS MARINGA,PR,Sul,105,12,104,0.8666666666666667,15424741
41016,16ª RS APUCARANA,PR,Sul,174,10,163,0.7093023255813954,6999818
41017,17ª RS LONDRINA,PR,Sul,221,24,213,0.7649769585253456,17638536
41018,18ª RS CORNELIO PROCOPIO,PR,Sul,98,7,96,0.75,4265894
41019,19ª RS JACAREZINHO,PR,Sul,48,6,48,0.7391304347826086,5517589
41020,20ª RS TOLEDO,PR,Sul,80,6,79,0.7012987012987013,7497822
41021,21ª RS TELEMACO BORBA,PR,Sul,51,6,45,0.8823529411764706,3426397
41022,22ª RS IVAIPORA,PR,Sul,94,9,89,0.7252747252747253,2658792
42001,EXTREMO OESTE,SC,Sul,420,3,394,0.6096385542168675,4478896
42002,OESTE,SC,Sul,247,1,234,0.7448559670781894,7095133
42003,XANXERE,SC,Sul,63,2,60,0.8412698412698413,3820639
42004,ALTO VALE DO ITAJAI,SC,Sul,314,5,301,0.6057692307692307,5588794
42005,FOZ DO RIO ITAJAI,SC,Sul,649,34,613,0.4482758620689655,13183288
42006,MEDIO VALE DO ITAJAI,SC,Sul,955,20,917,0.4798728813559322,14352523
42007,GRANDE FLORIANOPOLIS,SC,Sul,1451,53,1382,0.6561624649859944,23003557
42008,MEIO OESTE,SC,Sul,59,2,59,0.864406779661017,3603501
42009,ALTO VALE DO RIO DO PEIXE,SC,Sul,54,3,54,0.7777777777777778,5428817
42010,ALTO URUGUAI CATARINENSE,SC,Sul,159,4,153,0.7987421383647799,2830426
42011,NORDESTE,SC,Sul,842,69,835,0.766109785202864,13635590
42012,PLANALTO NORTE,SC,Sul,125,5,123,0.717741935483871,7028482
42013,SERRA CATARINENSE,SC,Sul,50,0,44,0.66,5649006
42014,EXTREMO SUL CATARINENSE,SC,Sul,131,7,121,0.8515625,3886811
42015,CARBONIFERA,SC,Sul,194,10,183,0.6510416666666666,8129065
42016,LAGUNA,SC,Sul,414,9,394,0.7450980392156863,6947058
42017,VALE DO ITAPOCU,SC,Sul,931,17,923,0.6706263498920086,5606519
43001,REGIAO 01,RS,Sul,408,16,318,0.6776649746192893,8559454
43002,REGIAO 02,RS,Sul,51,2,42,0.6938775510204082,2363405
43003,REGIAO 03,RS,Sul,57,6,52,0.8070175438596491,8945914
43004,REGIAO 04,RS,Sul,52,0,48,0.5576923076923077,2952060
43005,REGIAO 05,RS,Sul,198,6,182,0.6822916666666666,4253734
43006,REGIAO 06 - VALE DO PARANHANA E COSTA SERRA,RS,Sul,211,11,189,0.5870646766169154,4156564
43007,REGIAO 07,RS,Sul,706,43,630,0.7068965517241379,14911857
43008,REGIAO 08,RS,Sul,635,61,572,0.7478559176672385,14331819
43009,REGIAO 09,RS,Sul,374,22,336,0.6638888888888889,7578461
43010,REGIAO 10,RS,Sul,1643,126,1548,0.7257853403141361,43316923
43011,REGIAO 11,RS,Sul,81,6,76,0.8148148148148148,5512049
43012,REGIAO 12,RS,Sul,31,0,27,0.967741935483871,2481851
43013,REGIAO 13,RS,Sul,241,5,226,0.7637130801687764,4374021
43014,REGIAO 14,RS,Sul,363,6,354,0.7401129943502824,4431682
43015,REGIAO 15 - CAMINHO DAS AGUAS,RS,Sul,98,0,87,0.7959183673469388,3649201
43016,REGIAO 16,RS,Sul,109,1,86,0.8130841121495327,4502048
43017,REGIAO 17 - PLANALTO,RS,Sul,195,6,175,0.8157894736842105,7721460
43018,REGIAO 18,RS,Sul,155,1,146,0.8421052631578947,2503996
43019,REGIAO 19,RS,Sul,37,1,30,0.7027027027027027,2209225
43020,REGIAO 20 - ROTA DA PRODUCAO,RS,Sul,60,2,52,0.85,3115466
43021,REGIAO 21,RS,Sul,674,13,558,0.5773353751914242,16208743
43022,REGIAO 22,RS,Sul,13,2,11,0.5384615384615384,3567128
43023,REGIAO 23,RS,Sul,194,18,179,0.7789473684210526,10752727
43024,REGIAO 24,RS,Sul,16,3,14,0.8125,1864389
43025,REGIAO 25,RS,Sul,116,8,110,0.7391304347826086,5682391
43026,REGIAO 26,RS,Sul,83,4,74,0.7407407407407407,3401670
43027,REGIAO 27,RS,Sul,187,8,172,0.6871508379888268,3805671
43028,REGIAO 28,RS,Sul,1381,36,1339,0.774217042971595,6475107
43029,REGIAO 29,RS,Sul,288,25,267,0.7446808510638298,4205233
43030,REGIAO 30,RS,Sul,333,18,317,0.7121212121212122,2342949
50009,BAIXO PANTANAL,MS,Centro-Oeste,25,3,21,0.92,4707623
50010,PANTANAL,MS,Centro-Oeste,8,0,8,0.875,2861479
50011,CENTRO,MS,Centro-Oeste,73,2,67,0.958904109589041,18921245
50012,CENTRO SUL,MS,Centro-Oeste,21,2,17,0.95,7576926
50013,LESTE,MS,Centro-Oeste,3,0,3,0.6666666666666666,3477710
50014,NORDESTE,MS,Centro-Oeste,4,0,2,0.75,2828911
50015,NORTE,MS,Centro-Oeste,6,0,5,0.8333333333333334,2180549
50016,SUDESTE,MS,Centro-Oeste,1,0,1,1.0,2129881
50017,SUL FRONTEIRA,MS,Centro-Oeste,7,0,6,0.7142857142857143,6134184
51001,ALTO TAPAJOS,MT,Centro-Oeste,7,1,6,0.5,2042416
51002,BAIXADA CUIABANA,MT,Centro-Oeste,35,4,27,0.9142857142857143,19180782
51003,ARAGUAIA XINGU,MT,Centro-Oeste,3,0,3,1.0,1573109
51004,CENTRO NORTE,MT,Centro-Oeste,3,0,3,0.6666666666666666,1719385
51005,GARCAS ARAGUAIA,MT,Centro-Oeste,3,0,2,1.0,2511466
51006,MEDIO ARAGUAIA,MT,Centro-Oeste,2,0,2,1.0,1913008
51007,MEDIO NORTE MATOGROSSENSE,MT,Centro-Oeste,31,4,30,0.5333333333333333,4418589
51008,NOROESTE MATOGROSSENSE,MT,Centro-Oeste,38,3,25,0.7428571428571429,2648046
51010,NORTE MATOGROSSENSE,MT,Centro-Oeste,6,0,5,0.8333333333333334,1323567
51011,OESTE MATOGROSSENSE,MT,Centro-Oeste,7,1,5,0.8571428571428571,3571077
51012,SUDOESTE MATOGROSSENSE,MT,Centro-Oeste,5,2,4,0.4,2245148
51013,SUL MATOGROSSENSE,MT,Centro-Oeste,20,1,15,0.9473684210526315,9864296
51014,TELES PIRES,MT,Centro-Oeste,18,2,16,0.7222222222222222,8223273
51015,VALE DO PEIXOTO,MT,Centro-Oeste,12,0,11,0.5454545454545454,1904686
51016,VALE DOS ARINOS,MT,Centro-Oeste,12,0,9,0.75,1028061
52001,CENTRAL,GO,Centro-Oeste,90,12,88,0.8651685393258427,34667048
52002,CENTRO SUL,GO,Centro-Oeste,46,2,35,0.8913043478260869,16701929
52003,ENTORNO NORTE,GO,Centro-Oeste,16,1,11,0.9375,4909692
52004,ENTORNO SUL,GO,Centro-Oeste,58,2,50,0.9473684210526315,16439479
52005,ESTRADA DE FERRO,GO,Centro-Oeste,21,2,20,0.8095238095238095,5680162
52006,NORDESTE I,GO,Centro-Oeste,4,0,2,0.75,824532
52007,NORDESTE II,GO,Centro-Oeste,5,0,2,0.6,1829694
52008,NORTE,GO,Centro-Oeste,4,0,4,1.0,2620288
52009,OESTE I,GO,Centro-Oeste,6,0,3,0.6666666666666666,2231267
52010,OESTE II,GO,Centro-Oeste,7,0,5,0.8571428571428571,2161160
52011,PIRINEUS,GO,Centro-Oeste,40,4,37,0.8461538461538461,9649506
52012,RIO VERMELHO,GO,Centro-Oeste,12,1,12,0.5833333333333334,3833843
52013,SAO PATRICIO I,GO,Centro-Oeste,14,2,13,0.7692307692307693,3192046
52015,SUDOESTE I,GO,Centro-Oeste,5,0,3,0.8,7933426
52016,SUDOESTE II,GO,Centro-Oeste,23,6,23,0.782608695652174,4208011
52017,SUL,GO,Centro-Oeste,12,1,10,0.9166666666666666,4769206
52018,SAO PATRICIO II,GO,Centro-Oeste,17,0,13,0.875,3251073
53001,DISTRITO FEDERAL,DF,Centro-Oeste,377,46,313,0.8961748633879781,53249809
