health_region_code,health_region_name,uf_abbr,region,cases,deaths,outcome_known,hosp_known,person_years,H,cfr,incidence_per_100k,outcome_completeness,years_observed,excluded_at_10,excluded_at_20,excluded_at_30,excluded_at_50
11001,VALE DO JAMARI,RO,Norte,142,11,140,141,4388921,0.3617021276595745,0.07857142857142857,3.2354193661722324,0.9859154929577465,19,false,false,false,false
11002,CAFE,RO,Norte,65,1,65,65,3303176,0.7076923076923077,0.015384615384615385,1.9678031082812422,1.0,19,false,false,false,false
11003,CENTRAL,RO,Norte,231,6,210,217,6740475,0.39631336405529954,0.02857142857142857,3.4270581821014097,0.9090909090909091,19,false,false,false,false
11004,MADEIRA-MAMORE,RO,Norte,305,14,296,287,10833631,0.5435540069686411,0.0472972972972973,2.815307259403611,0.9704918032786886,19,false,false,false,false
11005,ZONA DA MATA,RO,Norte,40,1,38,38,2635321,0.6842105263157895,0.02631578947368421,1.5178416595170001,0.95,19,false,false,false,true
11006,CONE SUL,RO,Norte,20,2,17,18,2892108,0.6111111111111112,0.11764705882352941,0.6915371071896347,0.85,19,false,false,true,true
11007,VALE DO GUAPORE,RO,Norte,5,1,5,4,828001,0.75,0.2,0.603864004995163,1.0,19,true,true,true,true
12001,ALTO ACRE,AC,Norte,97,0,91,90,1271828,0.5333333333333333,0.0,7.626817462738672,0.9381443298969072,19,false,false,false,false
12002,BAIXO ACRE E PURUS,AC,Norte,3536,41,3505,3371,10020092,0.3126668644319193,0.011697574893009986,35.28909714601423,0.9912330316742082,19,false,false,false,false
12003,JURUA E TARAUACA/ENVIRA,AC,Norte,1121,8,1091,1052,4325360,0.21577946768060838,0.007332722273143905,25.91691789816339,0.9732381801962533,19,false,false,false,false
13001,"MANAUS, ENTORNO E ALTO RIO NEGRO",AM,Norte,791,92,764,787,45160196,0.8284625158831004,0.12041884816753927,1.7515424423755823,0.965865992414665,19,false,false,false,false
13002,RIO NEGRO E SOLIMOES,AM,Norte,61,5,51,58,5168298,0.8793103448275862,0.09803921568627451,1.180272499766848,0.8360655737704918,19,false,false,false,false
13003,RIO MADEIRA,AM,Norte,28,2,27,27,3474403,0.6666666666666666,0.07407407407407407,0.8058938470868232,0.9642857142857143,19,false,false,true,true
13004,MEDIO AMAZONAS,AM,Norte,21,2,21,21,3242176,0.9523809523809523,0.09523809523809523,0.6477131408042006,1.0,19,false,false,true,true
13005,BAIXO AMAZONAS,AM,Norte,60,7,58,60,4418891,0.9166666666666666,0.1206896551724138,1.3578067438187544,0.9666666666666667,19,false,false,false,false
13006,REGIONAL PURUS,AM,Norte,72,2,60,68,2509961,0.6176470588235294,0.03333333333333333,2.868570467827986,0.8333333333333334,19,false,false,false,false
13007,REGIONAL JURUA,AM,Norte,41,0,35,38,2418369,0.5526315789473685,0.0,1.6953574909370737,0.8536585365853658,19,false,false,false,true
13008,TRIANGULO,AM,Norte,18,2,16,18,2583924,0.7777777777777778,0.125,0.6966149159185796,0.8888888888888888,19,false,true,true,true
13009,ALTO SOLIMOES,AM,Norte,27,5,24,27,4791467,0.9259259259259259,0.20833333333333334,0.5635017417421428,0.8888888888888888,19,false,false,true,true
14001,CENTRO NORTE,RR,Norte,33,2,23,32,9181173,0.65625,0.08695652173913043,0.3594311968634073,0.696969696969697,19,false,false,false,true
14002,SUL,RR,Norte,16,0,8,16,1604598,0.6875,0.0,0.9971344847743796,0.5,19,false,true,true,true
15001,ARAGUAIA,PA,Norte,20,0,17,18,9059141,0.8888888888888888,0.0,0.22077148374222236,0.85,19,false,false,true,true
15002,BAIXO AMAZONAS,PA,Norte,201,25,192,198,14796158,0.7777777777777778,0.13020833333333334,1.3584607571776404,0.9552238805970149,19,false,false,false,false
15003,CARAJAS,PA,Norte,33,3,29,32,16495040,0.84375,0.10344827586206896,0.20006013929035638,0.8787878787878788,19,false,false,false,true
15004,LAGO DE TUCURUI,PA,Norte,11,2,9,11,5554177,0.8181818181818182,0.2222222222222222,0.19804914391457096,0.8181818181818182,19,false,true,true,true
15006,METROPOLITANA I,PA,Norte,1169,159,1007,1116,40109987,0.8593189964157706,0.15789473684210525,2.9144861104043738,0.8614200171086399,19,false,false,false,false
15007,METROPOLITANA II,PA,Norte,57,7,44,55,6718240,0.9272727272727272,0.1590909090909091,0.8484364952725714,0.7719298245614035,19,false,false,false,false
15008,METROPOLITANA III,PA,Norte,278,8,253,252,16399469,0.23809523809523808,0.03162055335968379,1.695176837737856,0.9100719424460432,19,false,false,false,false
15009,RIO CAETES,PA,Norte,101,16,79,96,9816920,0.9270833333333334,0.20253164556962025,1.028835928172991,0.7821782178217822,19,false,false,false,false
15010,TAPAJOS,PA,Norte,17,3,15,17,4487551,0.8823529411764706,0.2,0.3788257782474227,0.8823529411764706,19,false,true,true,true
15011,TOCANTINS,PA,Norte,185,29,145,173,14419840,0.7687861271676301,0.2,1.282954595890107,0.7837837837837838,19,false,false,false,false
15012,XINGU,PA,Norte,18,3,15,18,6667121,0.7222222222222222,0.2,0.26998160075390865,0.8333333333333334,19,false,true,true,true
15013,MARAJO I,PA,Norte,74,2,52,73,4338729,0.6712328767123288,0.038461538461538464,1.70556861237473,0.7027027027027027,19,false,false,false,false
15014,MARAJO II,PA,Norte,105,18,96,94,5870567,0.776595744680851,0.1875,1.7885836240349526,0.9142857142857143,19,false,false,false,false
16001,AREA CENTRAL,AP,Norte,764,28,684,753,9459789,0.5843293492695883,0.04093567251461988,8.076290073700376,0.8952879581151832,19,false,false,false,false
16002,AREA NORTE,AP,Norte,32,2,24,30,1156363,0.7,0.08333333333333333,2.767297120367912,0.75,19,false,false,false,true
16003,AREA SUDOESTE,AP,Norte,313,11,279,307,3511211,0.6644951140065146,0.03942652329749104,8.91430335573681,0.8913738019169329,19,false,false,false,false
17001,MEDIO NORTE ARAGUAIA,TO,Norte,15,0,14,14,5262341,0.8571428571428571,0.0,0.28504424171675685,0.9333333333333333,19,false,true,true,true
17002,BICO DO PAPAGAIO,TO,Norte,9,0,6,8,3773901,0.75,0.0,0.23848002372081303,0.6666666666666666,19,true,true,true,true
17003,SUDESTE,TO,Norte,4,0,2,4,1748633,0.5,0.0,0.22875011508990165,0.5,19,true,true,true,true
17004,CERRADO TOCANTINS ARAGUAIA,TO,Norte,37,0,34,36,2882023,0.5,0.0,1.2838204275260816,0.918918918918919,19,false,false,false,true
17005,ILHA DO BANANAL,TO,Norte,7,0,6,7,3393951,0.7142857142857143,0.0,0.2062492947010726,0.8571428571428571,19,true,true,true,true
17006,CAPIM DOURADO,TO,Norte,12,0,11,11,6548408,0.5454545454545454,0.0,0.18325064656936466,0.9166666666666666,19,false,true,true,true
17007,CANTAO,TO,Norte,9,1,8,8,2333790,0.875,0.125,0.38563881068990785,0.8888888888888888,19,true,true,true,true
17008,AMOR PERFEITO,TO,Norte,15,1,12,15,2142161,0.7333333333333333,0.08333333333333333,0.7002274805675204,0.8,19,false,true,true,true
21001,ACAILANDIA,MA,Nordeste,3,0,2,3,5157566,1.0,0.0,0.05816697256031236,0.6666666666666666,19,true,true,true,true
21002,BACABAL,MA,Nordeste,30,4,27,30,5018355,0.9666666666666667,0.14814814814814814,0.5978054561703985,0.9,19,false,false,false,true
21003,BALSAS,MA,Nordeste,6,2,6,6,4234526,0.6666666666666666,0.3333333333333333,0.1416923641512651,1.0,19,true,true,true,true
21004,BARRA DO CORDA,MA,Nordeste,14,1,13,13,4376831,0.6153846153846154,0.07692307692307693,0.3198661314544701,0.9285714285714286,19,false,true,true,true
21005,CAXIAS,MA,Nordeste,14,0,11,14,5581427,0.8571428571428571,0.0,0.2508319109073719,0.7857142857142857,19,false,true,true,true
21006,CHAPADINHA,MA,Nordeste,18,1,15,18,6754893,0.6666666666666666,0.06666666666666667,0.2664735029851694,0.8333333333333334,19,false,true,true,true
21007,CODO,MA,Nordeste,22,2,19,22,5640456,0.7272727272727273,0.10526315789473684,0.3900393868864503,0.8636363636363636,19,false,false,true,true
21008,IMPERATRIZ,MA,Nordeste,11,0,6,11,10192497,0.7272727272727273,0.0,0.10792252379372788,0.5454545454545454,19,false,true,true,true
21009,ITAPECURU MIRIM,MA,Nordeste,28,2,27,28,6837397,0.9285714285714286,0.07407407407407407,0.40951256742880365,0.9642857142857143,19,false,false,true,true
21010,PEDREIRAS,MA,Nordeste,24,3,22,24,3977550,0.9583333333333334,0.13636363636363635,0.6033865067692423,0.9166666666666666,19,false,false,true,true
21011,PINHEIRO,MA,Nordeste,21,6,18,20,7388058,0.95,0.3333333333333333,0.28424248970433097,0.8571428571428571,19,false,false,true,true
21012,PRESIDENTE DUTRA,MA,Nordeste,23,0,18,23,5365262,0.9565217391304348,0.0,0.4286836318524613,0.782608695652174,19,false,false,true,true
21013,ROSARIO,MA,Nordeste,16,2,13,15,5387449,0.9333333333333333,0.15384615384615385,0.2969865700816843,0.8125,19,false,true,true,true
21014,SANTA INES,MA,Nordeste,33,6,32,32,7053796,0.90625,0.1875,0.4678332064040412,0.9696969696969697,19,false,false,false,true
21015,SAO JOAO DOS PATOS,MA,Nordeste,19,1,12,19,4514012,0.8947368421052632,0.08333333333333333,0.42091159704493475,0.631578947368421,19,false,true,true,true
21016,SAO LUIS,MA,Nordeste,312,55,297,309,27143312,0.9644012944983819,0.18518518518518517,1.1494544217743214,0.9519230769230769,19,false,false,false,false
21017,TIMON,MA,Nordeste,5,0,3,4,4661416,1.0,0.0,0.10726354395316788,0.6,19,true,true,true,true
21018,VIANA,MA,Nordeste,21,4,15,20,4950947,0.85,0.26666666666666666,0.4241612766204122,0.7142857142857143,19,false,false,true,true
21019,ZE DOCA,MA,Nordeste,11,3,9,11,5241248,0.9090909090909091,0.3333333333333333,0.2098736789405882,0.8181818181818182,19,false,true,true,true
22001,CARNAUBAIS,PI,Nordeste,2,0,1,2,3078283,1.0,0.0,0.06497128431661417,0.5,19,true,true,true,true
22002,CHAPADA DAS MANGABEIRAS,PI,Nordeste,4,0,3,4,3509399,1.0,0.0,0.11397963013040124,0.75,19,true,true,true,true
22003,COCAIS,PI,Nordeste,10,1,9,10,7628987,0.8,0.1111111111111111,0.13107900170756615,0.9,19,false,true,true,true
22004,ENTRE RIOS,PI,Nordeste,51,0,42,51,23489770,0.9607843137254902,0.0,0.21711579125721536,0.8235294117647058,19,false,false,false,false
22005,PLANICIE LITORANEA,PI,Nordeste,4,0,2,4,5411908,0.75,0.0,0.07391108644123293,0.5,19,true,true,true,true
22006,SERRA DA CAPIVARA,PI,Nordeste,0,0,0,0,2944382,,,0.0,,0,true,true,true,true
22007,TABULEIROS DO ALTO PARNAIBA,PI,Nordeste,0,0,0,0,931166,,,0.0,,0,true,true,true,true
22008,VALE DO CANINDE,PI,Nordeste,0,0,0,0,2049710,,,0.0,,0,true,true,true,true
22009,VALE DO RIO GUARIBAS,PI,Nordeste,2,0,2,2,4558255,1.0,0.0,0.04387643955855914,1.0,19,true,true,true,true
22010,VALE DO SAMBITO,PI,Nordeste,2,0,0,2,2007343,1.0,,0.09963419306017955,0.0,19,true,true,true,true
22011,VALE DOS RIOS PIAUI E ITAUEIRAS,PI,Nordeste,2,0,0,2,4016311,1.0,,0.049796940525771036,0.0,19,true,true,true,true
22012,CHAPADA VALE DO RIO ITAIM,PI,Nordeste,1,0,0,1,2464581,0.0,,0.04057484821963652,0.0,19,true,true,true,true
23001,1ª RS FORTALEZA,CE,Nordeste,1006,114,943,967,87248021,0.8759048603929679,0.12089077412513255,1.153034749063248,0.937375745526839,19,false,false,false,false
23011,5ª RS SOBRAL,CE,Nordeste,75,6,66,74,31028961,0.8243243243243243,0.09090909090909091,0.24170967245728917,0.88,19,false,false,false,false
23023,2ª RS CARIRI,CE,Nordeste,236,3,209,230,27745587,0.7217391304347827,0.014354066985645933,0.8505857165681879,0.885593220338983,19,false,false,false,false
23024,3ª RS SERTAO CENTRAL,CE,Nordeste,38,1,32,37,11951740,0.8648648648648649,0.03125,0.31794533682961645,0.8421052631578947,19,false,false,false,true
23025,4ª RS LITORAL LESTE/JAGUARIBE,CE,Nordeste,156,6,150,156,10169504,0.7948717948717948,0.04,1.5339981182956415,0.9615384615384616,19,false,false,false,false
24001,1ª REGIAO DE SAUDE - SAO JOSE DE MIPIBU,RN,Nordeste,17,3,15,17,7090731,0.8235294117647058,0.2,0.2397496111472851,0.8823529411764706,19,false,true,true,true
24002,2ª REGIAO DE SAUDE - MOSSORO,RN,Nordeste,24,5,24,24,8659306,0.8333333333333334,0.20833333333333334,0.27715846974341823,1.0,19,false,false,true,true
24003,3ª REGIAO DE SAUDE - JOAO CAMARA,RN,Nordeste,18,1,16,17,6437638,0.8823529411764706,0.0625,0.27960565660883696,0.8888888888888888,19,false,true,true,true
24004,4ª REGIAO DE SAUDE - CAICO,RN,Nordeste,76,5,63,76,5766193,0.6710526315789473,0.07936507936507936,1.3180273362338029,0.8289473684210527,19,false,false,false,false
24005,5ª REGIAO DE SAUDE - SANTA CRUZ,RN,Nordeste,6,2,6,6,3613647,0.6666666666666666,0.3333333333333333,0.16603724713564993,1.0,19,true,true,true,true
24006,6ª REGIAO DE SAUDE - PAU DOS FERROS,RN,Nordeste,42,0,35,39,4713188,0.8717948717948718,0.0,0.8911165860559774,0.8333333333333334,19,false,false,false,true
24007,7ª REGIAO DE SAUDE - METROPOLITANA,RN,Nordeste,100,15,77,99,23951459,0.8383838383838383,0.19480519480519481,0.41751110026324495,0.77,19,false,false,false,false
24008,8ª REGIAO DE SAUDE - ACU,RN,Nordeste,9,0,6,9,2830829,0.4444444444444444,0.0,0.3179280698339603,0.6666666666666666,19,true,true,true,true
25001,1ª REGIAO MATA ATLANTICA,PB,Nordeste,270,34,252,260,24585001,0.7384615384615385,0.1349206349206349,1.0982305837612127,0.9333333333333333,19,false,false,false,false
25002,2ª REGIAO,PB,Nordeste,7,3,5,7,5723662,1.0,0.6,0.1222993251523238,0.7142857142857143,19,true,true,true,true
25003,3ª REGIAO,PB,Nordeste,4,1,2,3,3673028,1.0,0.5,0.1089019740660839,0.5,19,true,true,true,true
25004,4ª REGIAO,PB,Nordeste,7,0,6,7,2054827,1.0,0.0,0.3406612819473367,0.8571428571428571,19,true,true,true,true
25005,5ª REGIAO,PB,Nordeste,1,0,1,1,2117927,1.0,0.0,0.047215980531906905,1.0,19,true,true,true,true
25006,6ª REGIAO,PB,Nordeste,2,0,2,2,4388197,1.0,0.0,0.04557680523458724,1.0,19,true,true,true,true
25007,7ª REGIAO,PB,Nordeste,2,1,2,2,2790603,1.0,0.5,0.0716690980408177,1.0,19,true,true,true,true
25008,8ª REGIAO,PB,Nordeste,10,0,6,9,2184428,0.7777777777777778,0.0,0.457785745284349,0.6,19,false,true,true,true
25009,9ª REGIAO,PB,Nordeste,6,0,4,6,3308331,1.0,0.0,0.18136032942290237,0.6666666666666666,19,true,true,true,true
25010,10ª REGIAO,PB,Nordeste,8,0,8,8,2190482,0.875,0.0,0.365216422686879,1.0,19,true,true,true,true
25011,11ª REGIAO,PB,Nordeste,1,0,0,1,1540103,1.0,,0.064930722165985,0.0,19,true,true,true,true
25012,12ª REGIAO,PB,Nordeste,5,2,5,4,3327609,1.0,0.4,0.15025803812887872,1.0,19,true,true,true,true
25013,13ª REGIAO,PB,Nordeste,0,0,0,0,1138525,,,0.0,,0,true,true,true,true
25014,14ª REGIAO,PB,Nordeste,5,0,3,4,2851619,0.5,0.0,0.1753389916394862,0.6,19,true,true,true,true
25015,15ª REGIAO,PB,Nordeste,9,2,9,9,2878922,1.0,0.2222222222222222,0.31261701428520816,1.0,19,true,true,true,true
25016,16ª REGIAO,PB,Nordeste,65,11,64,63,10424193,0.9682539682539683,0.171875,0.6235494680499488,0.9846153846153847,19,false,false,false,false
26001,X REGIÃO DE SAÚDE,PE,Nordeste,5,1,3,5,3573953,1.0,0.3333333333333333,0.13990111229778343,0.6,19,true,true,true,true
26002,VI REGIÃO DE SAÚDE,PE,Nordeste,13,0,10,12,7779903,0.75,0.0,0.1670971990267745,0.7692307692307693,19,false,true,true,true
26003,IV REGIÃO DE SAÚDE,PE,Nordeste,159,17,132,149,25090950,0.8926174496644296,0.12878787878787878,0.6336946189761647,0.8301886792452831,19,false,false,false,false
26004,V REGIÃO DE SAÚDE,PE,Nordeste,17,1,10,16,10278567,0.5625,0.1,0.16539270503368805,0.5882352941176471,19,false,true,true,true
26005,XII REGIÃO DE SAÚDE,PE,Nordeste,75,4,71,73,5930049,0.726027397260274,0.056338028169014086,1.264745029931456,0.9466666666666667,19,false,false,false,false
26006,II REGIÃO DE SAÚDE,PE,Nordeste,79,10,64,76,11102823,0.8289473684210527,0.15625,0.7115307521339392,0.810126582278481,19,false,false,false,false
26007,IX REGIÃO DE SAÚDE,PE,Nordeste,5,1,4,5,6526252,1.0,0.25,0.07661365206247016,0.8,19,true,true,true,true
26008,III REGIÃO DE SAÚDE,PE,Nordeste,147,16,130,129,10618887,0.9302325581395349,0.12307692307692308,1.384325871440199,0.8843537414965986,19,false,false,false,false
26009,VIII REGIÃO DE SAÚDE,PE,Nordeste,6,0,6,6,9360441,0.6666666666666666,0.0,0.06409954402789356,1.0,19,true,true,true,true
26010,I REGIÃO DE SAÚDE,PE,Nordeste,3771,468,3506,3423,77636924,0.8302658486707567,0.13348545350827154,4.857224894690573,0.9297268629010872,19,false,false,false,false
26011,VII REGIÃO DE SAÚDE,PE,Nordeste,5,0,4,5,2728909,0.8,0.0,0.18322340539754164,0.8,19,true,true,true,true
26012,XI REGIÃO DE SAÚDE,PE,Nordeste,3,2,3,3,4503098,0.6666666666666666,0.6666666666666666,0.06662080194568273,1.0,19,true,true,true,true
27001,1ª REGIAO DE SAUDE,AL,Nordeste,743,92,698,738,23207105,0.8766937669376694,0.1318051575931232,3.2016057151462882,0.9394347240915208,19,false,false,false,false
27002,2ª REGIAO DE SAUDE,AL,Nordeste,34,1,29,31,3022693,0.7419354838709677,0.034482758620689655,1.124824783727623,0.8529411764705882,19,false,false,false,true
27003,3ª REGIAO DE SAUDE,AL,Nordeste,89,11,79,88,3973351,0.875,0.13924050632911392,2.239922926517189,0.8876404494382022,19,false,false,false,false
27004,4ª REGIAO DE SAUDE,AL,Nordeste,88,11,72,86,2570688,0.872093023255814,0.1527777777777778,3.423208106156795,0.8181818181818182,19,false,false,false,false
27005,5ª REGIAO DE SAUDE,AL,Nordeste,12,1,11,12,3997022,1.0,0.09090909090909091,0.30022351640796574,0.9166666666666666,19,false,true,true,true
27006,6ª REGIAO DE SAUDE,AL,Nordeste,28,2,27,28,3699629,0.9285714285714286,0.07407407407407407,0.7568326445705772,0.9642857142857143,19,false,false,true,true
27007,7ª REGIAO DE SAUDE,AL,Nordeste,14,0,11,13,9665439,0.6923076923076923,0.0,0.14484598164656567,0.7857142857142857,19,false,true,true,true
27008,8ª REGIAO DE SAUDE,AL,Nordeste,9,0,8,9,2937435,0.8888888888888888,0.0,0.3063897584116755,0.8888888888888888,19,true,true,true,true
27009,9ª REGIAO DE SAUDE,AL,Nordeste,8,2,6,8,4358664,0.5,0.3333333333333333,0.1835424799892811,0.75,19,true,true,true,true
27010,10ª REGIAO DE SAUDE,AL,Nordeste,9,2,5,9,2910696,1.0,0.4,0.30920439647424536,0.5555555555555556,19,true,true,true,true
28001,ARACAJU,SE,Nordeste,420,100,392,415,15200431,0.946987951807229,0.25510204081632654,2.763079546889164,0.9333333333333333,19,false,false,false,false
28002,ESTANCIA,SE,Nordeste,20,3,18,20,4471126,0.9,0.16666666666666666,0.44731461381316473,0.9,19,false,false,true,true
28003,ITABAIANA,SE,Nordeste,33,7,19,31,4686065,0.9354838709677419,0.3684210526315789,0.7042155838640736,0.5757575757575758,19,false,false,false,true
28004,LAGARTO,SE,Nordeste,21,7,17,21,4828022,0.9523809523809523,0.4117647058823529,0.4349607354730364,0.8095238095238095,19,false,false,true,true
28005,NOSSA SENHORA DA GLORIA,SE,Nordeste,7,3,6,7,3151886,0.8571428571428571,0.5,0.2220892506899044,0.8571428571428571,19,true,true,true,true
28006,NOSSA SENHORA DO SOCORRO,SE,Nordeste,212,47,203,210,6233699,0.9666666666666667,0.2315270935960591,3.400870013133454,0.9575471698113207,19,false,false,false,false
28007,PROPRIA,SE,Nordeste,36,11,36,36,2908481,0.9722222222222222,0.3055555555555556,1.2377595040160139,1.0,19,false,false,false,true
29001,ALAGOINHAS,BA,Nordeste,14,1,11,14,9737033,1.0,0.09090909090909091,0.14378096489967734,0.7857142857142857,19,false,true,true,true
29002,BARREIRAS,BA,Nordeste,5,0,2,5,8472929,0.8,0.0,0.059011470531618995,0.4,19,true,true,true,true
29003,BRUMADO,BA,Nordeste,4,0,4,4,7574329,0.0,0.0,0.052809958479490396,1.0,19,true,true,true,true
29004,CAMACARI,BA,Nordeste,107,15,91,99,10722812,0.9595959595959596,0.16483516483516483,0.9978725729780583,0.8504672897196262,19,false,false,false,false
29005,CRUZ DAS ALMAS,BA,Nordeste,19,1,17,18,4804099,0.8333333333333334,0.058823529411764705,0.39549559657284333,0.8947368421052632,19,false,true,true,true
29006,FEIRA DE SANTANA,BA,Nordeste,62,10,51,60,21579051,0.85,0.19607843137254902,0.28731569335463364,0.8225806451612904,19,false,false,false,false
29007,GUANAMBI,BA,Nordeste,8,1,7,8,8819125,0.5,0.14285714285714285,0.09071194704690091,0.875,19,true,true,true,true
29008,IBOTIRAMA,BA,Nordeste,3,0,3,3,3633130,0.3333333333333333,0.0,0.08257342842122357,1.0,19,true,true,true,true
29009,ILHEUS,BA,Nordeste,211,24,194,208,6319144,0.9567307692307693,0.12371134020618557,3.339059847346413,0.919431279620853,19,false,false,false,false
29010,IRECE,BA,Nordeste,9,0,6,9,7741578,0.8888888888888888,0.0,0.11625536809162162,0.6666666666666666,19,true,true,true,true
29011,ITABERABA,BA,Nordeste,2,0,1,2,4710249,1.0,0.0,0.04246060027824431,0.5,19,true,true,true,true
29012,ITABUNA,BA,Nordeste,139,28,130,133,9549104,0.9172932330827067,0.2153846153846154,1.4556339526724182,0.935251798561151,19,false,false,false,false
29013,ITAPETINGA,BA,Nordeste,5,1,5,4,4549223,0.75,0.2,0.109908878944822,1.0,19,true,true,true,true
29014,JACOBINA,BA,Nordeste,6,1,3,6,7337924,0.6666666666666666,0.3333333333333333,0.08176699567888683,0.5,19,true,true,true,true
29015,JEQUIE,BA,Nordeste,47,4,42,47,9721133,0.9361702127659575,0.09523809523809523,0.4834827380717865,0.8936170212765957,19,false,false,false,true
29016,JUAZEIRO,BA,Nordeste,6,0,5,5,10180529,1.0,0.0,0.05893603367762127,0.8333333333333334,19,true,true,true,true
29017,PAULO AFONSO,BA,Nordeste,2,0,2,2,4648484,0.5,0.0,0.04302477969161559,1.0,19,true,true,true,true
29018,PORTO SEGURO,BA,Nordeste,71,16,68,71,7148399,0.9436619718309859,0.23529411764705882,0.9932293930431135,0.9577464788732394,19,false,false,false,false
29019,RIBEIRA DO POMBAL,BA,Nordeste,6,1,6,6,6988208,0.8333333333333334,0.16666666666666666,0.08585892119982691,1.0,19,true,true,true,true
29020,SALVADOR,BA,Nordeste,1377,203,1211,1358,60131332,0.9580265095729014,0.1676300578034682,2.2899875226446005,0.879448075526507,19,false,false,false,false
29021,SANTA MARIA DA VITORIA,BA,Nordeste,2,0,1,2,5649289,1.0,0.0,0.035402685187463416,0.5,19,true,true,true,true
29022,SANTO ANTONIO DE JESUS,BA,Nordeste,34,0,28,33,8791220,0.9393939393939394,0.0,0.3867495068943787,0.8235294117647058,19,false,false,false,true
29023,SEABRA,BA,Nordeste,3,0,1,3,3510113,0.3333333333333333,0.0,0.08546733395762472,0.3333333333333333,19,true,true,true,true
29024,SENHOR DO BONFIM,BA,Nordeste,2,0,1,2,5623518,1.0,0.0,0.035564925727987355,0.5,19,true,true,true,true
29025,SERRINHA,BA,Nordeste,12,2,6,12,10928060,1.0,0.3333333333333333,0.10980906034556911,0.5,19,false,true,true,true
29026,TEIXEIRA DE FREITAS,BA,Nordeste,13,2,13,13,8252167,0.6153846153846154,0.15384615384615385,0.15753437854565958,1.0,19,false,true,true,true
29027,VALENCA,BA,Nordeste,45,7,41,45,5384449,0.9111111111111111,0.17073170731707318,0.8357401100836873,0.9111111111111111,19,false,false,false,true
29028,VITORIA DA CONQUISTA,BA,Nordeste,16,3,13,15,12881505,0.7333333333333333,0.23076923076923078,0.12420908892245122,0.8125,19,false,true,true,true
31001,ALFENAS/MACHADO,MG,Sudeste,24,0,20,23,5589421,0.7391304347826086,0.0,0.4293825782670513,0.8333333333333334,19,false,false,true,true
31002,GUAXUPE,MG,Sudeste,12,1,11,12,2621562,0.5,0.09090909090909091,0.4577423688625331,0.9166666666666666,19,false,true,true,true
31003,ITAJUBA,MG,Sudeste,137,4,126,135,3852711,0.6814814814814815,0.031746031746031744,3.555937624182037,0.9197080291970803,19,false,false,false,false
31004,LAVRAS,MG,Sudeste,12,1,9,12,3441832,0.4166666666666667,0.1111111111111111,0.3486515320910492,0.75,19,false,true,true,true
31006,POCOS DE CALDAS,MG,Sudeste,33,2,33,33,4403238,0.6060606060606061,0.06060606060606061,0.7494484740547751,1.0,19,false,false,false,true
31007,POUSO ALEGRE/SANTA RITA DO SAPUCAI,MG,Sudeste,149,3,141,144,10293111,0.6180555555555556,0.02127659574468085,1.4475701272433572,0.9463087248322147,19,false,false,false,false
31008,SAO LOURENCO,MG,Sudeste,142,6,132,141,4913510,0.6879432624113475,0.045454545454545456,2.8899910654501566,0.9295774647887324,19,false,false,false,false
31009,SAO SEBASTIAO DO PARAISO,MG,Sudeste,18,0,18,18,2380739,0.5555555555555556,0.0,0.756067758792543,1.0,19,false,true,true,true
31010,TRES CORACOES,MG,Sudeste,10,0,9,9,2124964,0.7777777777777778,0.0,0.4705962077475195,0.9,19,false,true,true,true
31011,TRES PONTAS,MG,Sudeste,17,0,16,16,2369167,0.4375,0.0,0.7175517808579978,0.9411764705882353,19,false,true,true,true
31012,VARGINHA,MG,Sudeste,13,2,11,13,4005578,0.7692307692307693,0.18181818181818182,0.3245474186247278,0.8461538461538461,19,false,true,true,true
31013,BARBACENA,MG,Sudeste,22,5,21,22,4347967,0.8636363636363636,0.23809523809523808,0.5059836010714893,0.9545454545454546,19,false,false,true,true
31015,SAO JOAO DEL REI,MG,Sudeste,30,4,26,29,4499390,0.6551724137931034,0.15384615384615385,0.6667570492889036,0.8666666666666667,19,false,false,false,true
31016,BELO HORIZONTE/NOVA LIMA/SANTA LUZIA,MG,Sudeste,429,38,396,418,62926800,0.9043062200956937,0.09595959595959595,0.6817445031369782,0.9230769230769231,19,false,false,false,false
31017,BETIM,MG,Sudeste,106,14,100,101,13097418,0.8811881188118812,0.14,0.8093198216625598,0.9433962264150944,19,false,false,false,false
31018,CONTAGEM,MG,Sudeste,118,29,114,116,15822267,0.9655172413793104,0.2543859649122807,0.7457844062421649,0.9661016949152542,19,false,false,false,false
31019,CURVELO,MG,Sudeste,7,1,6,7,3429434,0.8571428571428571,0.16666666666666666,0.20411531465542126,0.8571428571428571,19,true,true,true,true
31020,GUANHAES,MG,Sudeste,2,0,2,2,1753399,0.5,0.0,0.11406416907959911,1.0,19,true,true,true,true
31021,ITABIRA,MG,Sudeste,35,2,34,34,4336427,0.7941176470588235,0.058823529411764705,0.8071160888906928,0.9714285714285714,19,false,false,false,true
31022,OURO PRETO,MG,Sudeste,22,0,22,22,3485108,0.9090909090909091,0.0,0.6312573383665585,1.0,19,false,false,true,true
31023,JOAO MONLEVADE,MG,Sudeste,7,1,6,7,2642589,0.7142857142857143,0.16666666666666666,0.2648917406376852,0.8571428571428571,19,true,true,true,true
31024,SETE LAGOAS,MG,Sudeste,27,1,22,26,8108731,0.6538461538461539,0.045454545454545456,0.33297441979515663,0.8148148148148148,19,false,false,true,true
31025,VESPASIANO/LAGOA SANTA,MG,Sudeste,23,3,20,21,5997171,0.8095238095238095,0.15,0.3835141602598959,0.8695652173913043,19,false,false,true,true
31026,DIAMANTINA/ITAMARANDIBA,MG,Sudeste,13,1,9,12,2756126,0.75,0.1111111111111111,0.47167654889507954,0.6923076923076923,19,false,true,true,true
31027,TURMALINA/MINAS NOVAS/CAPELINHA,MG,Sudeste,7,2,7,7,2234915,0.8571428571428571,0.2857142857142857,0.3132110169737999,1.0,19,true,true,true,true
31028,BOM DESPACHO,MG,Sudeste,23,1,19,22,2072662,0.7272727272727273,0.05263157894736842,1.1096840681210927,0.8260869565217391,19,false,false,true,true
31030,FORMIGA,MG,Sudeste,17,0,15,17,3016912,0.5882352941176471,0.0,0.563490085226218,0.8823529411764706,19,false,true,true,true
31031,ITAUNA,MG,Sudeste,14,0,10,14,2376386,0.7857142857142857,0.0,0.5891298804150504,0.7142857142857143,19,false,true,true,true
31032,PARA DE MINAS/NOVA SERRANA,MG,Sudeste,9,3,7,9,4530298,0.7777777777777778,0.42857142857142855,0.19866242794624106,0.7777777777777778,19,true,true,true,true
31034,CARATINGA,MG,Sudeste,17,0,16,16,3767179,0.625,0.0,0.4512660534580385,0.9411764705882353,19,false,true,true,true
31035,CORONEL FABRICIANO/TIMOTEO,MG,Sudeste,40,8,38,39,4237583,0.8461538461538461,0.21052631578947367,0.9439343134989923,0.95,19,false,false,false,true
31036,GOVERNADOR VALADARES,MG,Sudeste,37,9,37,37,7957119,0.7837837837837838,0.24324324324324326,0.4649924174817544,1.0,19,false,false,false,true
31037,IPATINGA,MG,Sudeste,41,8,38,40,7310619,0.85,0.21052631578947367,0.5608280229074993,0.926829268292683,19,false,false,false,true
31038,MANTENA/ITABIRINHA,MG,Sudeste,6,1,6,6,1288000,1.0,0.16666666666666666,0.4658385093167702,1.0,19,true,true,true,true
31040,RESPLENDOR,MG,Sudeste,6,0,4,5,1603819,0.6,0.0,0.374107053227328,0.6666666666666666,19,true,true,true,true
31041,ALEM PARAIBA,MG,Sudeste,19,2,19,18,1047960,0.8888888888888888,0.10526315789473684,1.8130462994770793,1.0,19,false,true,true,true
31042,CARANGOLA,MG,Sudeste,46,5,44,46,2428933,0.9130434782608695,0.11363636363636363,1.8938356883454588,0.9565217391304348,19,false,false,false,true
31044,LEOPOLDINA/CATAGUASES,MG,Sudeste,60,13,57,59,3338688,0.7966101694915254,0.22807017543859648,1.7971131174880672,0.95,19,false,false,false,false
31045,MURIAE,MG,Sudeste,50,6,46,50,3202295,0.86,0.13043478260869565,1.5613801976395054,0.92,19,false,false,false,false
31046,SANTOS DUMONT,MG,Sudeste,2,1,2,2,945916,1.0,0.5,0.21143526486495628,1.0,19,true,true,true,true
31047,SAO JOAO NEPOMUCENO,MG,Sudeste,7,0,6,7,1360322,1.0,0.0,0.5145840470123986,0.8571428571428571,19,true,true,true,true
31048,UBA,MG,Sudeste,86,11,81,83,5724301,0.7469879518072289,0.13580246913580246,1.502366839200105,0.9418604651162791,19,false,false,false,false
31050,CORACAO DE JESUS,MG,Sudeste,1,0,0,0,884450,,,0.11306461642828877,0.0,19,true,true,true,true
31051,FRANCISCO SA,MG,Sudeste,0,0,0,0,1325571,,,0.0,,0,true,true,true,true
31052,JANAUBA/MONTE AZUL,MG,Sudeste,4,0,4,4,5164802,0.75,0.0,0.07744730582121057,1.0,19,true,true,true,true
31053,JANUARIA,MG,Sudeste,1,0,1,1,2148019,0.0,0.0,0.04655452302796204,1.0,19,true,true,true,true
31055,PIRAPORA,MG,Sudeste,3,0,2,3,2644164,1.0,0.0,0.11345741035730007,0.6666666666666666,19,true,true,true,true
31057,PATOS DE MINAS,MG,Sudeste,43,0,42,43,4956444,0.7441860465116279,0.0,0.8675574666030726,0.9767441860465116,19,false,false,false,true
31058,UNAI/PARACATU,MG,Sudeste,17,0,14,16,5077742,0.625,0.0,0.33479448148409274,0.8235294117647058,19,false,true,true,true
31059,MANHUACU,MG,Sudeste,109,13,107,108,6490573,0.75,0.12149532710280374,1.6793586637112008,0.981651376146789,19,false,false,false,false
31060,PONTE NOVA,MG,Sudeste,57,8,52,57,4071659,0.9298245614035088,0.15384615384615385,1.3999207693964548,0.9122807017543859,19,false,false,false,false
31061,VICOSA,MG,Sudeste,12,0,12,12,2566461,0.8333333333333334,0.0,0.46756993385054363,1.0,19,false,true,true,true
31062,AGUAS FORMOSAS,MG,Sudeste,3,2,3,3,1102689,1.0,0.6666666666666666,0.2720622043023917,1.0,19,true,true,true,true
31064,ARACUAI,MG,Sudeste,1,0,1,1,1615143,1.0,0.0,0.06191402247355188,1.0,19,true,true,true,true
31065,ITAOBIM,MG,Sudeste,2,0,2,2,1516959,0.5,0.0,0.13184271954614463,1.0,19,true,true,true,true
31066,NANUQUE,MG,Sudeste,8,0,7,8,1266908,0.75,0.0,0.6314586378805722,0.875,19,true,true,true,true
31067,PADRE PARAISO,MG,Sudeste,4,1,4,4,1106905,1.0,0.25,0.361367958406548,1.0,19,true,true,true,true
31068,PEDRA AZUL,MG,Sudeste,1,0,1,1,1206636,1.0,0.0,0.08287503439313927,1.0,19,true,true,true,true
31070,ARAXA,MG,Sudeste,27,3,24,27,3446317,0.8148148148148148,0.125,0.7834450516304797,0.8888888888888888,19,false,false,true,true
31071,FRUTAL / ITURAMA,MG,Sudeste,17,1,16,17,3205458,0.7647058823529411,0.0625,0.5303454295766783,0.9411764705882353,19,false,true,true,true
31072,UBERABA,MG,Sudeste,29,5,28,29,7669656,1.0,0.17857142857142858,0.3781134382037473,0.9655172413793104,19,false,false,true,true
31073,ITUIUTABA,MG,Sudeste,7,2,7,7,3608992,1.0,0.2857142857142857,0.1939599755277928,1.0,19,true,true,true,true
31074,PATROCINIO/MONTE CARMELO,MG,Sudeste,34,4,30,33,3654484,0.7878787878787878,0.13333333333333333,0.9303639036318123,0.8823529411764706,19,false,false,false,true
31075,UBERLANDIA/ARAGUARI,MG,Sudeste,62,7,60,61,16975055,0.8688524590163934,0.11666666666666667,0.3652418210132456,0.967741935483871,19,false,false,false,false
31076,MANGA,MG,Sudeste,3,0,3,3,1099987,0.6666666666666666,0.0,0.2727304959058607,1.0,19,true,true,true,true
31077,JOAO PINHEIRO,MG,Sudeste,2,0,2,2,1331850,0.0,0.0,0.1501670608552014,1.0,19,true,true,true,true
31078,CONGONHAS,MG,Sudeste,34,0,34,34,2303812,0.8235294117647058,0.0,1.4758148668380926,1.0,19,false,false,false,true
31079,CONSELHEIRO LAFAIETE,MG,Sudeste,21,1,18,21,3503376,0.5714285714285714,0.05555555555555555,0.5994218148437392,0.8571428571428571,19,false,false,true,true
31082,SAO GOTARDO,MG,Sudeste,18,0,18,18,1858043,0.8333333333333334,0.0,0.9687612181203556,1.0,19,false,true,true,true
31083,BOCAIUVA,MG,Sudeste,2,0,2,2,1415444,1.0,0.0,0.1412984194358802,1.0,19,true,true,true,true
31084,MONTES CLAROS,MG,Sudeste,9,2,9,9,8178760,1.0,0.2222222222222222,0.11004113092938293,1.0,19,true,true,true,true
31085,TAIOBEIRAS,MG,Sudeste,0,0,0,0,2539727,,,0.0,,0,true,true,true,true
31086,DIVINOPOLIS,MG,Sudeste,57,3,54,57,6408066,0.42105263157894735,0.05555555555555555,0.8895039470567251,0.9473684210526315,19,false,false,false,false
31087,LAGOA DA PRATA/SANTO ANTONIO DO MONTE,MG,Sudeste,8,0,7,8,1616402,0.75,0.0,0.4949263858866792,0.875,19,true,true,true,true
31088,OLIVEIRA/SANTO ANTONIO DO AMPARO,MG,Sudeste,15,1,15,15,1936473,0.6,0.06666666666666667,0.7746041385549914,1.0,19,false,true,true,true
31089,CAMPO BELO,MG,Sudeste,6,0,5,6,1841729,0.3333333333333333,0.0,0.325780828775569,0.8333333333333334,19,true,true,true,true
31090,LIMA DUARTE,MG,Sudeste,21,1,17,21,1374602,0.6666666666666666,0.058823529411764705,1.527714931303752,0.8095238095238095,19,false,false,true,true
31091,CASSIA,MG,Sudeste,9,2,9,9,923357,0.8888888888888888,0.2222222222222222,0.9747042584829053,1.0,19,true,true,true,true
31092,PASSOS,MG,Sudeste,54,1,50,54,3997253,0.8333333333333334,0.02,1.3509277496320597,0.9259259259259259,19,false,false,false,false
31093,PIUMHI,MG,Sudeste,15,2,14,15,1470014,0.6666666666666666,0.14285714285714285,1.0203984451848758,0.9333333333333333,19,false,true,true,true
31094,ALMENARA/JACINTO,MG,Sudeste,4,0,3,4,3192653,1.0,0.0,0.12528765261993707,0.75,19,true,true,true,true
31095,SERRO,MG,Sudeste,6,1,5,6,1039041,0.8333333333333334,0.2,0.57745555757665,0.8333333333333334,19,true,true,true,true
31096,ITAMBACURI,MG,Sudeste,4,0,4,4,706391,1.0,0.0,0.5662586301354349,1.0,19,true,true,true,true
31097,JUIZ DE FORA,MG,Sudeste,77,11,73,77,11322038,0.8961038961038961,0.1506849315068493,0.6800895739795256,0.948051948051948,19,false,false,false,false
31098,SALINAS,MG,Sudeste,2,0,2,1,1286080,0.0,0.0,0.15551132122418512,1.0,19,true,true,true,true
31099,TEOFILO OTONI/MALACACHETA,MG,Sudeste,36,4,35,33,5331332,0.8484848484848485,0.11428571428571428,0.67525338883416,0.9722222222222222,19,false,false,false,true
31100,SAO FRANCISCO,MG,Sudeste,3,0,3,3,1880803,0.6666666666666666,0.0,0.15950633851604873,1.0,19,true,true,true,true
31101,BRASILIA DE MINAS,MG,Sudeste,3,0,3,3,2414315,1.0,0.0,0.12425884774770483,1.0,19,true,true,true,true
31102,PECANHA/SAO JOAO EVANGELISTA/SANTA MARIA DO SUACUI,MG,Sudeste,8,0,5,8,1856068,0.75,0.0,0.43101869112554064,0.625,19,true,true,true,true
32001,CENTRAL,ES,Sudeste,351,2,327,340,9571682,0.21764705882352942,0.0061162079510703364,3.6670670839252706,0.9316239316239316,19,false,false,false,false
32002,METROPOLITANA,ES,Sudeste,1256,73,1092,1090,43025458,0.6211009174311927,0.06684981684981685,2.919201929239196,0.8694267515923567,19,false,false,false,false
32003,NORTE,ES,Sudeste,245,8,234,235,7827536,0.35319148936170214,0.03418803418803419,3.1299760231061216,0.9551020408163265,19,false,false,false,false
32004,SUL,ES,Sudeste,633,12,593,595,12727353,0.3798319327731092,0.02023608768971332,4.973540059743766,0.9368088467614534,19,false,false,false,false
33001,BAIA DA ILHA GRANDE,RJ,Sudeste,150,14,129,137,4911465,0.7445255474452555,0.10852713178294573,3.054078569225272,0.86,19,false,false,false,false
33002,BAIXADA LITORANEA,RJ,Sudeste,59,8,50,58,14679801,0.8103448275862069,0.16,0.4019128052212697,0.847457627118644,19,false,false,false,false
33003,CENTRO-SUL,RJ,Sudeste,100,11,90,95,6309773,0.6736842105263158,0.12222222222222222,1.5848430680469805,0.9,19,false,false,false,false
33004,MEDIO PARAIBA,RJ,Sudeste,382,49,346,369,17131636,0.8509485094850948,0.1416184971098266,2.229792881427086,0.9057591623036649,19,false,false,false,false
33005,METROPOLITANA I,RJ,Sudeste,1947,346,1711,1869,198055248,0.904226859283039,0.2022209234365868,0.9830590300742751,0.8787878787878788,19,false,false,false,false
33006,METROPOLITANA II,RJ,Sudeste,585,114,446,558,38639267,0.9050179211469535,0.2556053811659193,1.5140038759016832,0.7623931623931623,19,false,false,false,false
33007,NOROESTE,RJ,Sudeste,240,45,202,232,6562937,0.728448275862069,0.22277227722772278,3.656899342474261,0.8416666666666667,19,false,false,false,false
33008,NORTE,RJ,Sudeste,230,50,208,221,17193198,0.918552036199095,0.2403846153846154,1.3377383311702686,0.9043478260869565,19,false,false,false,false
33009,SERRANA,RJ,Sudeste,736,55,607,702,18102722,0.6025641025641025,0.09060955518945635,4.06568691713876,0.8247282608695652,19,false,false,false,false
35011,ALTO DO TIETE,SP,Sudeste,1427,185,1266,1383,54762215,0.7107736804049168,0.146129541864139,2.605811324468888,0.8871758934828311,19,false,false,false,false
35012,FRANCO DA ROCHA,SP,Sudeste,140,17,125,133,10776040,0.8796992481203008,0.136,1.299178547963816,0.8928571428571429,19,false,false,false,false
35013,MANANCIAIS,SP,Sudeste,343,29,274,330,20531599,0.8909090909090909,0.10583941605839416,1.670595651122935,0.7988338192419825,19,false,false,false,false
35014,ROTA DOS BANDEIRANTES,SP,Sudeste,580,98,489,556,35842361,0.9046762589928058,0.20040899795501022,1.6181969708970902,0.843103448275862,19,false,false,false,false
35015,GRANDE ABC,SP,Sudeste,596,85,565,586,51620543,0.9044368600682594,0.1504424778761062,1.154579098480231,0.947986577181208,19,false,false,false,false
35016,SAO PAULO,SP,Sudeste,3633,507,3229,3565,225490150,0.8889200561009818,0.15701455558996594,1.6111568509755305,0.8887971373520507,19,false,false,false,false
35021,CENTRAL DO DRS II,SP,Sudeste,3,0,3,3,5630990,1.0,0.0,0.053276599674302386,1.0,19,true,true,true,true
35022,LAGOS DO DRS II,SP,Sudeste,1,0,1,1,3779761,1.0,0.0,0.02645669924632801,1.0,19,true,true,true,true
35023,CONSORCIOS DO DRS II,SP,Sudeste,5,0,4,5,4999800,0.6,0.0,0.1000040001600064,0.8,19,true,true,true,true
35031,CENTRAL DO DRS III,SP,Sudeste,14,2,13,14,5856658,0.7857142857142857,0.15384615384615385,0.23904417843760042,0.9285714285714286,19,false,true,true,true
35032,CORACAO DO DRS III,SP,Sudeste,21,3,19,21,7285818,0.8571428571428571,0.15789473684210525,0.2882311910618684,0.9047619047619048,19,false,false,true,true
35033,NOROESTE DO DRS III,SP,Sudeste,21,0,21,20,5512307,0.95,0.0,0.3809657190718877,1.0,19,false,false,true,true
35041,BAIXADA SANTISTA,SP,Sudeste,1018,222,925,980,33858721,0.8765306122448979,0.24,3.0066109112627144,0.9086444007858546,19,false,false,false,false
35051,NORTE - BARRETOS,SP,Sudeste,15,3,15,15,5396973,0.8666666666666667,0.2,0.27793357498731236,1.0,19,false,true,true,true
35052,SUL - BARRETOS,SP,Sudeste,8,0,8,8,2759921,0.625,0.0,0.28986336927759887,1.0,19,true,true,true,true
35061,VALE DO JURUMIRIM,SP,Sudeste,22,4,21,22,5626985,0.6818181818181818,0.19047619047619047,0.3909731410337863,0.9545454545454546,19,false,false,true,true
35062,BAURU,SP,Sudeste,39,3,39,38,12043147,0.7894736842105263,0.07692307692307693,0.3238356220346725,1.0,19,false,false,false,true
35063,POLO CUESTA,SP,Sudeste,58,2,58,58,5656654,0.7068965517241379,0.034482758620689655,1.0253411292258638,1.0,19,false,false,false,false
35064,JAU,SP,Sudeste,33,8,31,33,6282840,0.7575757575757576,0.25806451612903225,0.5252401780086713,0.9393939393939394,19,false,false,false,true
35065,LINS,SP,Sudeste,7,0,6,7,3048574,0.5714285714285714,0.0,0.22961555140206535,0.8571428571428571,19,true,true,true,true
35071,BRAGANCA,SP,Sudeste,151,10,132,147,8800310,0.7074829931972789,0.07575757575757576,1.715848646240871,0.8741721854304636,19,false,false,false,false
35072,REGIAO METROPOLITANA DE CAMPINAS,SP,Sudeste,993,96,940,931,58077637,0.6197636949516648,0.10212765957446808,1.7097803066608925,0.94662638469285,19,false,false,false,false
35073,JUNDIAI,SP,Sudeste,125,8,113,124,14881446,0.8306451612903226,0.07079646017699115,0.8399721371162453,0.904,19,false,false,false,false
35074,CIRCUITO DAS AGUAS,SP,Sudeste,63,2,60,62,2477233,0.6612903225806451,0.03333333333333333,2.543160049942819,0.9523809523809523,19,false,false,false,false
35081,TRES COLINAS,SP,Sudeste,26,2,24,24,7893468,0.625,0.08333333333333333,0.3293862722950166,0.9230769230769231,19,false,false,true,true
35082,ALTA ANHANGUERA,SP,Sudeste,4,0,3,3,2881512,0.0,0.0,0.1388160104833851,0.75,19,true,true,true,true
35083,ALTA MOGIANA,SP,Sudeste,4,1,4,3,2228416,1.0,0.25,0.17949969844050662,1.0,19,true,true,true,true
35091,ADAMANTINA,SP,Sudeste,25,1,25,25,2521936,0.68,0.04,0.9913019204293844,1.0,19,false,false,true,true
35092,ASSIS,SP,Sudeste,109,9,108,106,4533174,0.6886792452830188,0.08333333333333333,2.4044962756779245,0.9908256880733946,19,false,false,false,false
35093,MARILIA,SP,Sudeste,58,0,58,58,7258540,0.43103448275862066,0.0,0.799058763883646,1.0,19,false,false,false,false
35094,OURINHOS,SP,Sudeste,27,1,26,27,4443255,0.5925925925925926,0.038461538461538464,0.6076626257102057,0.9629629629629629,19,false,false,true,true
35095,TUPA,SP,Sudeste,16,2,16,16,2441439,0.5,0.125,0.6553512088567439,1.0,19,false,true,true,true
35101,ARARAS,SP,Sudeste,50,7,45,48,6291108,0.75,0.15555555555555556,0.7947725583474325,0.9,19,false,false,false,false
35102,LIMEIRA,SP,Sudeste,34,4,32,34,6729578,0.7352941176470589,0.125,0.5052322745943356,0.9411764705882353,19,false,false,false,true
35103,PIRACICABA,SP,Sudeste,216,7,210,214,11036355,0.411214953271028,0.03333333333333333,1.9571679236487047,0.9722222222222222,19,false,false,false,false
35104,RIO CLARO,SP,Sudeste,52,6,50,49,4827570,0.6938775510204082,0.12,1.077146473277446,0.9615384615384616,19,false,false,false,false
35111,ALTA PAULISTA,SP,Sudeste,4,0,4,4,2503199,0.75,0.0,0.15979552564538416,1.0,19,true,true,true,true
35112,ALTA SOROCABANA,SP,Sudeste,25,1,25,24,7659130,1.0,0.04,0.3264078296098904,1.0,19,false,false,true,true
35113,ALTO CAPIVARI,SP,Sudeste,7,1,7,7,1097749,0.8571428571428571,0.14285714285714285,0.6376685380720001,1.0,19,true,true,true,true
35114,EXTREMO OESTE PAULISTA,SP,Sudeste,4,0,4,4,1774079,0.75,0.0,0.22546910255969435,1.0,19,true,true,true,true
35115,PONTAL DO PARANAPANEMA,SP,Sudeste,3,1,3,3,1280629,1.0,0.3333333333333333,0.23425988322925687,1.0,19,true,true,true,true
35121,VALE DO RIBEIRA,SP,Sudeste,203,21,192,200,5386538,0.675,0.109375,3.7686543750364336,0.9458128078817734,19,false,false,false,false
35131,HORIZONTE VERDE,SP,Sudeste,40,4,38,40,7869401,0.8,0.10526315789473684,0.5082978996749562,0.95,19,false,false,false,true
35132,AQUIFERO GUARANI,SP,Sudeste,56,8,50,56,16783007,0.8392857142857143,0.16,0.3336708374131048,0.8928571428571429,19,false,false,false,false
35133,VALE DAS CACHOEIRAS,SP,Sudeste,7,0,7,7,2553395,1.0,0.0,0.2741448150403678,1.0,19,true,true,true,true
35141,BAIXA MOGIANA,SP,Sudeste,41,3,41,40,6163182,0.725,0.07317073170731707,0.6652407798439183,1.0,19,false,false,false,true
35142,MANTIQUEIRA,SP,Sudeste,36,0,36,36,5190212,0.7777777777777778,0.0,0.6936132859312876,1.0,19,false,false,false,true
35143,RIO PARDO,SP,Sudeste,28,3,27,27,4057686,0.7037037037037037,0.1111111111111111,0.6900484660469046,0.9642857142857143,19,false,false,true,true
35151,CATANDUVA,SP,Sudeste,96,3,92,96,5744641,0.7604166666666666,0.03260869565217391,1.6711227037512004,0.9583333333333334,19,false,false,false,false
35152,SANTA FE DO SUL,SP,Sudeste,1,0,1,1,933731,0.0,0.0,0.10709722607474743,1.0,19,true,true,true,true
35153,JALES,SP,Sudeste,7,0,6,7,1975976,1.0,0.0,0.35425531484188066,0.8571428571428571,19,true,true,true,true
35154,FERNANDOPOLIS,SP,Sudeste,27,2,24,27,2247636,0.7407407407407407,0.08333333333333333,1.2012621260737948,0.8888888888888888,19,false,false,true,true
35155,SAO JOSE DO RIO PRETO,SP,Sudeste,83,16,81,81,13663075,0.7654320987654321,0.19753086419753085,0.6074767210163159,0.9759036144578314,19,false,false,false,false
35156,JOSE BONIFACIO,SP,Sudeste,11,1,10,10,1859963,1.0,0.1,0.5914096140622153,0.9090909090909091,19,false,true,true,true
35157,VOTUPORANGA,SP,Sudeste,32,1,31,32,3700292,0.75,0.03225806451612903,0.8647966160508413,0.96875,19,false,false,false,true
35161,ITAPETININGA,SP,Sudeste,62,4,57,59,9224173,0.5423728813559322,0.07017543859649122,0.6721469772954172,0.9193548387096774,19,false,false,false,false
35162,ITAPEVA,SP,Sudeste,50,8,49,50,5341476,0.64,0.16326530612244897,0.9360708538239243,0.98,19,false,false,false,false
35163,SOROCABA,SP,Sudeste,502,66,455,481,32010194,0.7318087318087318,0.14505494505494507,1.5682504142274176,0.9063745019920318,19,false,false,false,false
35171,ALTO VALE DO PARAIBA,SP,Sudeste,328,35,303,309,20173084,0.7443365695792881,0.11551155115511551,1.6259288862327643,0.9237804878048781,19,false,false,false,false
35172,CIRCUITO DA FE E VALE HISTORICO,SP,Sudeste,168,13,155,162,8844351,0.7777777777777778,0.08387096774193549,1.8995175564606153,0.9226190476190477,19,false,false,false,false
35173,LITORAL NORTE,SP,Sudeste,105,7,89,102,6037996,0.6470588235294118,0.07865168539325842,1.7389875713730185,0.8476190476190476,19,false,false,false,false
35174,VALE DO PARAIBA/REGIAO SERRANA,SP,Sudeste,112,16,106,110,11458116,0.7818181818181819,0.1509433962264151,0.9774730854531408,0.9464285714285714,19,false,false,false,false
41001,1ª RS PARANAGUA,PR,Sul,327,54,310,326,5489809,0.8190184049079755,0.17419354838709677,5.956491382487077,0.9480122324159022,19,false,false,false,false
41002,2ª RS METROPOLITANA,PR,Sul,3476,366,3334,3444,66225089,0.6983159117305459,0.10977804439112178,5.248766068098451,0.9591484464902187,19,false,false,false,false
41003,3ª RS PONTA GROSSA,PR,Sul,271,28,268,266,11745165,0.7894736842105263,0.1044776119402985,2.307332421468749,0.988929889298893,19,false,false,false,false
41004,4ª RS IRATI,PR,Sul,83,3,80,82,3146479,0.7804878048780488,0.0375,2.637869186477965,0.963855421686747,19,false,false,false,false
41005,5ª RS GUARAPUAVA,PR,Sul,194,13,178,186,8668684,0.5806451612903226,0.07303370786516854,2.2379406147461367,0.9175257731958762,19,false,false,false,false
41006,6ª RS UNIAO DA VITORIA,PR,Sul,111,6,106,107,3174225,0.7663551401869159,0.05660377358490566,3.4969165701864235,0.954954954954955,19,false,false,false,false
41007,7ª RS PATO BRANCO,PR,Sul,149,5,146,148,5102680,0.5202702702702703,0.03424657534246575,2.9200341781181653,0.9798657718120806,19,false,false,false,false
41008,8ª RS FRANCISCO BELTRAO,PR,Sul,233,8,212,228,6942163,0.6491228070175439,0.03773584905660377,3.3563026393935145,0.9098712446351931,19,false,false,false,false
41009,9ª RS FOZ DO IGUACU,PR,Sul,76,6,74,75,8100111,0.72,0.08108108108108109,0.938258747318401,0.9736842105263158,19,false,false,false,false
41010,10ª RS CASCAVEL,PR,Sul,194,8,192,194,10469186,0.6494845360824743,0.041666666666666664,1.8530571526764354,0.9896907216494846,19,false,false,false,false
41011,11ª RS CAMPO MOURAO,PR,Sul,91,9,89,88,6542090,0.7272727272727273,0.10112359550561797,1.3909927867088345,0.978021978021978,19,false,false,false,false
41012,12ª RS UMUARAMA,PR,Sul,14,1,9,14,5358547,0.5,0.1111111111111111,0.261264854073315,0.6428571428571429,19,false,true,true,true
41013,13ª RS CIANORTE,PR,Sul,12,2,12,12,2856596,0.75,0.16666666666666666,0.4200804033892087,1.0,19,false,true,true,true
41014,14ª RS PARANAVAI,PR,Sul,29,0,27,28,5146156,0.8214285714285714,0.0,0.5635274173577326,0.9310344827586207,19,false,false,true,true
41015,15ª RS MARINGA,PR,Sul,105,12,104,105,15424741,0.8666666666666667,0.11538461538461539,0.6807245580330976,0.9904761904761905,19,false,false,false,false
41016,16ª RS APUCARANA,PR,Sul,174,10,163,172,6999818,0.7093023255813954,0.06134969325153374,2.485778915966101,0.9367816091954023,19,false,false,false,false
41017,17ª RS LONDRINA,PR,Sul,221,24,213,217,17638536,0.7649769585253456,0.11267605633802817,1.2529384524883471,0.9638009049773756,19,false,false,false,false
41018,18ª RS CORNELIO PROCOPIO,PR,Sul,98,7,96,96,4265894,0.75,0.07291666666666667,2.297291025046567,0.9795918367346939,19,false,false,false,false
41019,19ª RS JACAREZINHO,PR,Sul,48,6,48,46,5517589,0.7391304347826086,0.125,0.8699451880159975,1.0,19,false,false,false,true
41020,20ª RS TOLEDO,PR,Sul,80,6,79,77,7497822,0.7012987012987013,0.0759493670886076,1.066976516647101,0.9875,19,false,false,false,false
41021,21ª RS TELEMACO BORBA,PR,Sul,51,6,45,51,3426397,0.8823529411764706,0.13333333333333333,1.4884439835780852,0.8823529411764706,19,false,false,false,false
41022,22ª RS IVAIPORA,PR,Sul,94,9,89,91,2658792,0.7252747252747253,0.10112359550561797,3.535440154777057,0.9468085106382979,19,false,false,false,false
42001,EXTREMO OESTE,SC,Sul,420,3,394,415,4478896,0.6096385542168675,0.007614213197969543,9.37731083731348,0.9380952380952381,19,false,false,false,false
42002,OESTE,SC,Sul,247,1,234,243,7095133,0.7448559670781894,0.004273504273504274,3.4812596183891125,0.9473684210526315,19,false,false,false,false
42003,XANXERE,SC,Sul,63,2,60,63,3820639,0.8412698412698413,0.03333333333333333,1.6489388293424214,0.9523809523809523,19,false,false,false,false
42004,ALTO VALE DO ITAJAI,SC,Sul,314,5,301,312,5588794,0.6057692307692307,0.016611295681063124,5.618385648138042,0.9585987261146497,19,false,false,false,false
42005,FOZ DO RIO ITAJAI,SC,Sul,649,34,613,638,13183288,0.4482758620689655,0.05546492659053834,4.922899355608403,0.9445300462249615,19,false,false,false,false
42006,MEDIO VALE DO ITAJAI,SC,Sul,955,20,917,944,14352523,0.4798728813559322,0.021810250817884406,6.653882387089713,0.9602094240837696,19,false,false,false,false
42007,GRANDE FLORIANOPOLIS,SC,Sul,1451,53,1382,1428,23003557,0.6561624649859944,0.03835021707670044,6.307720149540351,0.9524465885596141,19,false,false,false,false
42008,MEIO OESTE,SC,Sul,59,2,59,59,3603501,0.864406779661017,0.03389830508474576,1.637296617927954,1.0,19,false,false,false,false
42009,ALTO VALE DO RIO DO PEIXE,SC,Sul,54,3,54,54,5428817,0.7777777777777778,0.05555555555555555,0.9946918453873099,1.0,19,false,false,false,false
42010,ALTO URUGUAI CATARINENSE,SC,Sul,159,4,153,159,2830426,0.7987421383647799,0.026143790849673203,5.617528951472322,0.9622641509433962,19,false,false,false,false
42011,NORDESTE,SC,Sul,842,69,835,838,13635590,0.766109785202864,0.08263473053892216,6.175016995964238,0.9916864608076009,19,false,false,false,false
42012,PLANALTO NORTE,SC,Sul,125,5,123,124,7028482,0.717741935483871,0.04065040650406504,1.7784779131539357,0.984,19,false,false,false,false
42013,SERRA CATARINENSE,SC,Sul,50,0,44,50,5649006,0.66,0.0,0.8851114691682042,0.88,19,false,false,false,false
42014,EXTREMO SUL CATARINENSE,SC,Sul,131,7,121,128,3886811,0.8515625,0.05785123966942149,3.3703722666216596,0.9236641221374046,19,false,false,false,false
42015,CARBONIFERA,SC,Sul,194,10,183,192,8129065,0.6510416666666666,0.0546448087431694,2.3864983242230196,0.9432989690721649,19,false,false,false,false
42016,LAGUNA,SC,Sul,414,9,394,408,6947058,0.7450980392156863,0.02284263959390863,5.959357184005086,0.9516908212560387,19,false,false,false,false
42017,VALE DO ITAPOCU,SC,Sul,931,17,923,926,5606519,0.6706263498920086,0.018418201516793065,16.605669221846924,0.99140708915145,19,false,false,false,false
43001,REGIAO 01,RS,Sul,408,16,318,394,8559454,0.6776649746192893,0.050314465408805034,4.766659181765566,0.7794117647058824,19,false,false,false,false
43002,REGIAO 02,RS,Sul,51,2,42,49,2363405,0.6938775510204082,0.047619047619047616,2.157903533249697,0.8235294117647058,19,false,false,false,false
43003,REGIAO 03,RS,Sul,57,6,52,57,8945914,0.8070175438596491,0.11538461538461539,0.6371623961509132,0.9122807017543859,19,false,false,false,false
43004,REGIAO 04,RS,Sul,52,0,48,52,2952060,0.5576923076923077,0.0,1.7614818127002838,0.9230769230769231,19,false,false,false,false
43005,REGIAO 05,RS,Sul,198,6,182,192,4253734,0.6822916666666666,0.03296703296703297,4.654733934938104,0.9191919191919192,19,false,false,false,false
43006,REGIAO 06 - VALE DO PARANHANA E COSTA SERRA,RS,Sul,211,11,189,201,4156564,0.5870646766169154,0.0582010582010582,5.07630821996245,0.8957345971563981,19,false,false,false,false
43007,REGIAO 07,RS,Sul,706,43,630,696,14911857,0.7068965517241379,0.06825396825396825,4.734487461890226,0.8923512747875354,19,false,false,false,false
43008,REGIAO 08,RS,Sul,635,61,572,583,14331819,0.7478559176672385,0.10664335664335664,4.4307006668169615,0.9007874015748032,19,false,false,false,false
43009,REGIAO 09,RS,Sul,374,22,336,360,7578461,0.6638888888888889,0.06547619047619048,4.935038921490788,0.8983957219251337,19,false,false,false,false
43010,REGIAO 10,RS,Sul,1643,126,1548,1528,43316923,0.7257853403141361,0.08139534883720931,3.792974861118367,0.9421789409616556,19,false,false,false,false
43011,REGIAO 11,RS,Sul,81,6,76,81,5512049,0.8148148148148148,0.07894736842105263,1.469507981514678,0.9382716049382716,19,false,false,false,false
43012,REGIAO 12,RS,Sul,31,0,27,31,2481851,0.967741935483871,0.0,1.2490677321080113,0.8709677419354839,19,false,false,false,true
43013,REGIAO 13,RS,Sul,241,5,226,237,4374021,0.7637130801687764,0.022123893805309734,5.509804365365415,0.9377593360995851,19,false,false,false,false
43014,REGIAO 14,RS,Sul,363,6,354,354,4431682,0.7401129943502824,0.01694915254237288,8.191020926140459,0.9752066115702479,19,false,false,false,false
43015,REGIAO 15 - CAMINHO DAS AGUAS,RS,Sul,98,0,87,98,3649201,0.7959183673469388,0.0,2.6855193780775575,0.8877551020408163,19,false,false,false,false
43016,REGIAO 16,RS,Sul,109,1,86,107,4502048,0.8130841121495327,0.011627906976744186,2.42112034345258,0.7889908256880734,19,false,false,false,false
43017,REGIAO 17 - PLANALTO,RS,Sul,195,6,175,190,7721460,0.8157894736842105,0.03428571428571429,2.525429128688098,0.8974358974358975,19,false,false,false,false
43018,REGIAO 18,RS,Sul,155,1,146,152,2503996,0.8421052631578947,0.00684931506849315,6.190105734993187,0.9419354838709677,19,false,false,false,false
43019,REGIAO 19,RS,Sul,37,1,30,37,2209225,0.7027027027027027,0.03333333333333333,1.6747954599463613,0.8108108108108109,19,false,false,false,true
43020,REGIAO 20 - ROTA DA PRODUCAO,RS,Sul,60,2,52,60,3115466,0.85,0.038461538461538464,1.9258756153975038,0.8666666666666667,19,false,false,false,false
43021,REGIAO 21,RS,Sul,674,13,558,653,16208743,0.5773353751914242,0.023297491039426525,4.158249655756773,0.827893175074184,19,false,false,false,false
43022,REGIAO 22,RS,Sul,13,2,11,13,3567128,0.5384615384615384,0.18181818181818182,0.3644388426767977,0.8461538461538461,19,false,true,true,true
43023,REGIAO 23,RS,Sul,194,18,179,190,10752727,0.7789473684210526,0.1005586592178771,1.8041934850573254,0.9226804123711341,19,false,false,false,false
43024,REGIAO 24,RS,Sul,16,3,14,16,1864389,0.8125,0.21428571428571427,0.8581900021937482,0.875,19,false,true,true,true
43025,REGIAO 25,RS,Sul,116,8,110,115,5682391,0.7391304347826086,0.07272727272727272,2.041394194802857,0.9482758620689655,19,false,false,false,false
43026,REGIAO 26,RS,Sul,83,4,74,81,3401670,0.7407407407407407,0.05405405405405406,2.4399780108005773,0.891566265060241,19,false,false,false,false
43027,REGIAO 27,RS,Sul,187,8,172,179,3805671,0.6871508379888268,0.046511627906976744,4.913719551690096,0.9197860962566845,19,false,false,false,false
43028,REGIAO 28,RS,Sul,1381,36,1339,1373,6475107,0.774217042971595,0.0268857356235997,21.327832883688256,0.9695872556118754,19,false,false,false,false
43029,REGIAO 29,RS,Sul,288,25,267,282,4205233,0.7446808510638298,0.09363295880149813,6.8486098154371,0.9270833333333334,19,false,false,false,false
43030,REGIAO 30,RS,Sul,333,18,317,330,2342949,0.7121212121212122,0.056782334384858045,14.212857386140287,0.9519519519519519,19,false,false,false,false
50009,BAIXO PANTANAL,MS,Centro-Oeste,25,3,21,25,4707623,0.92,0.14285714285714285,0.5310535699226553,0.84,19,false,false,true,true
50010,PANTANAL,MS,Centro-Oeste,8,0,8,8,2861479,0.875,0.0,0.2795757019359569,1.0,19,true,true,true,true
50011,CENTRO,MS,Centro-Oeste,73,2,67,73,18921245,0.958904109589041,0.029850746268656716,0.38580970755359917,0.9178082191780822,19,false,false,false,false
50012,CENTRO SUL,MS,Centro-Oeste,21,2,17,20,7576926,0.95,0.11764705882352941,0.2771572534824809,0.8095238095238095,19,false,false,true,true
50013,LESTE,MS,Centro-Oeste,3,0,3,3,3477710,0.6666666666666666,0.0,0.08626366200747043,1.0,19,true,true,true,true
50014,NORDESTE,MS,Centro-Oeste,4,0,2,4,2828911,0.75,0.0,0.14139716661287682,0.5,19,true,true,true,true
50015,NORTE,MS,Centro-Oeste,6,0,5,6,2180549,0.8333333333333334,0.0,0.2751600629015904,0.8333333333333334,19,true,true,true,true
50016,SUDESTE,MS,Centro-Oeste,1,0,1,1,2129881,1.0,0.0,0.046950979890425806,1.0,19,true,true,true,true
50017,SUL FRONTEIRA,MS,Centro-Oeste,7,0,6,7,6134184,0.7142857142857143,0.0,0.11411460758268745,0.8571428571428571,19,true,true,true,true
51001,ALTO TAPAJOS,MT,Centro-Oeste,7,1,6,6,2042416,0.5,0.16666666666666666,0.3427313534559071,0.8571428571428571,19,true,true,true,true
51002,BAIXADA CUIABANA,MT,Centro-Oeste,35,4,27,35,19180782,0.9142857142857143,0.14814814814814814,0.1824743120483826,0.7714285714285715,19,false,false,false,true
51003,ARAGUAIA XINGU,MT,Centro-Oeste,3,0,3,2,1573109,1.0,0.0,0.19070515774812807,1.0,19,true,true,true,true
51004,CENTRO NORTE,MT,Centro-Oeste,3,0,3,3,1719385,0.6666666666666666,0.0,0.1744809917499571,1.0,19,true,true,true,true
51005,GARCAS ARAGUAIA,MT,Centro-Oeste,3,0,2,2,2511466,1.0,0.0,0.11945214468362303,0.6666666666666666,19,true,true,true,true
51006,MEDIO ARAGUAIA,MT,Centro-Oeste,2,0,2,2,1913008,1.0,0.0,0.10454739342438714,1.0,19,true,true,true,true
51007,MEDIO NORTE MATOGROSSENSE,MT,Centro-Oeste,31,4,30,30,4418589,0.5333333333333333,0.13333333333333333,0.7015814324437054,0.967741935483871,19,false,false,false,true
51008,NOROESTE MATOGROSSENSE,MT,Centro-Oeste,38,3,25,35,2648046,0.7428571428571429,0.12,1.4350203886186268,0.6578947368421053,19,false,false,false,true
51009,NORTE ARAGUAIA KARAJA,MT,Centro-Oeste,0,0,0,0,451765,,,0.0,,0,true,true,true,true
51010,NORTE MATOGROSSENSE,MT,Centro-Oeste,6,0,5,6,1323567,0.8333333333333334,0.0,0.45332045903229684,0.8333333333333334,19,true,true,true,true
51011,OESTE MATOGROSSENSE,MT,Centro-Oeste,7,1,5,7,3571077,0.8571428571428571,0.2,0.19601929613951197,0.7142857142857143,19,true,true,true,true
51012,SUDOESTE MATOGROSSENSE,MT,Centro-Oeste,5,2,4,5,2245148,0.4,0.5,0.22270246772150432,0.8,19,true,true,true,true
51013,SUL MATOGROSSENSE,MT,Centro-Oeste,20,1,15,19,9864296,0.9473684210526315,0.06666666666666667,0.20275141784066497,0.75,19,false,false,true,true
51014,TELES PIRES,MT,Centro-Oeste,18,2,16,18,8223273,0.7222222222222222,0.125,0.2188909452477134,0.8888888888888888,19,false,true,true,true
51015,VALE DO PEIXOTO,MT,Centro-Oeste,12,0,11,11,1904686,0.5454545454545454,0.0,0.630025106500494,0.9166666666666666,19,false,true,true,true
51016,VALE DOS ARINOS,MT,Centro-Oeste,12,0,9,12,1028061,0.75,0.0,1.1672459124507204,0.75,19,false,true,true,true
52001,CENTRAL,GO,Centro-Oeste,90,12,88,89,34667048,0.8651685393258427,0.13636363636363635,0.259612528877567,0.9777777777777777,19,false,false,false,false
52002,CENTRO SUL,GO,Centro-Oeste,46,2,35,46,16701929,0.8913043478260869,0.05714285714285714,0.2754172886257629,0.7608695652173914,19,false,false,false,true
52003,ENTORNO NORTE,GO,Centro-Oeste,16,1,11,16,4909692,0.9375,0.09090909090909091,0.3258860229928883,0.6875,19,false,true,true,true
52004,ENTORNO SUL,GO,Centro-Oeste,58,2,50,57,16439479,0.9473684210526315,0.04,0.3528092344045696,0.8620689655172413,19,false,false,false,false
52005,ESTRADA DE FERRO,GO,Centro-Oeste,21,2,20,21,5680162,0.8095238095238095,0.1,0.36970776537711425,0.9523809523809523,19,false,false,true,true
52006,NORDESTE I,GO,Centro-Oeste,4,0,2,4,824532,0.75,0.0,0.485123682282798,0.5,19,true,true,true,true
52007,NORDESTE II,GO,Centro-Oeste,5,0,2,5,1829694,0.6,0.0,0.273269737999906,0.4,19,true,true,true,true
52008,NORTE,GO,Centro-Oeste,4,0,4,4,2620288,1.0,0.0,0.15265497533095598,1.0,19,true,true,true,true
52009,OESTE I,GO,Centro-Oeste,6,0,3,6,2231267,0.6666666666666666,0.0,0.2689055142212922,0.5,19,true,true,true,true
52010,OESTE II,GO,Centro-Oeste,7,0,5,7,2161160,0.8571428571428571,0.0,0.3239001277091932,0.7142857142857143,19,true,true,true,true
52011,PIRINEUS,GO,Centro-Oeste,40,4,37,39,9649506,0.8461538461538461,0.10810810810810811,0.41452899246863,0.925,19,false,false,false,true
52012,RIO VERMELHO,GO,Centro-Oeste,12,1,12,12,3833843,0.5833333333333334,0.08333333333333333,0.3130018626219175,1.0,19,false,true,true,true
52013,SAO PATRICIO I,GO,Centro-Oeste,14,2,13,13,3192046,0.7692307692307693,0.15384615384615385,0.43859017069302886,0.9285714285714286,19,false,true,true,true
52014,SERRA DA MESA,GO,Centro-Oeste,1,0,0,1,2333220,0.0,,0.0428592245909087,0.0,19,true,true,true,true
52015,SUDOESTE I,GO,Centro-Oeste,5,0,3,5,7933426,0.8,0.0,0.06302447391580888,0.6,19,true,true,true,true
52016,SUDOESTE II,GO,Centro-Oeste,23,6,23,23,4208011,0.782608695652174,0.2608695652173913,0.5465765179796346,1.0,19,false,false,true,true
52017,SUL,GO,Centro-Oeste,12,1,10,12,4769206,0.9166666666666666,0.1,0.25161420999638096,0.8333333333333334,19,false,true,true,true
52018,SAO PATRICIO II,GO,Centro-Oeste,17,0,13,16,3251073,0.875,0.0,0.5229042842163187,0.7647058823529411,19,false,true,true,true
53001,DISTRITO FEDERAL,DF,Centro-Oeste,377,46,313,366,53249809,0.8961748633879781,0.14696485623003194,0.7079837600919846,0.830238726790451,19,false,false,false,false
